image,background,n_digits,has_decimal,group,split
00002.jpg,bgwhite,5,False,bgwhite_5d_nodec,val
00004.jpg,bgwhite,4,True,bgwhite_4d_dec,train
00006.jpg,bgwhite,5,False,bgwhite_5d_nodec,train
00007.jpg,bgwhite,4,True,bgwhite_4d_dec,val
00008.jpg,bgwhite,4,True,bgwhite_4d_dec,train
00010.jpg,bgwhite,4,False,bgwhite_4d_nodec,train
00013.jpg,bgwhite,4,True,bgwhite_4d_dec,train
00017.jpg,bgwhite,3,True,bgwhite_3d_dec,train
00021.jpg,bgwhite,4,True,bgwhite_4d_dec,val
00022.jpg,bgblack,5,True,bgblack_5d_dec,train
00023.jpg,bgblack,5,True,bgblack_5d_dec,train
00028.jpg,bgwhite,5,True,bgwhite_5d_dec,train
00030.jpg,bgwhite,4,True,bgwhite_4d_dec,train
00032.jpg,bgwhite,4,True,bgwhite_4d_dec,train
00033.jpg,bgwhite,5,True,bgwhite_5d_dec,train
00034.jpg,bgwhite,4,True,bgwhite_4d_dec,train
00036.jpg,bgwhite,4,False,bgwhite_4d_nodec,train
00037.jpg,bgwhite,4,True,bgwhite_4d_dec,train
00038.jpg,bgwhite,5,True,bgwhite_5d_dec,val
00039.jpg,bgwhite,5,False,bgwhite_5d_nodec,train
00041.jpg,bgwhite,4,True,bgwhite_4d_dec,train
00043.jpg,bgwhite,4,True,bgwhite_4d_dec,train
00044.jpg,bgwhite,5,True,bgwhite_5d_dec,train
00045.jpg,bgwhite,4,True,bgwhite_4d_dec,train
00046.jpg,bgwhite,4,True,bgwhite_4d_dec,val
00047.jpg,bgblack,5,True,bgblack_5d_dec,train
00049.jpg,bgwhite,4,True,bgwhite_4d_dec,train
00050.jpg,bgwhite,4,True,bgwhite_4d_dec,val
00051.jpg,bgwhite,4,True,bgwhite_4d_dec,train
00052.jpg,bgwhite,4,True,bgwhite_4d_dec,train
00053.jpg,bgwhite,4,True,bgwhite_4d_dec,train
00054.jpg,bgwhite,4,True,bgwhite_4d_dec,train
00056.jpg,bgwhite,5,True,bgwhite_5d_dec,val
00057.jpg,bgwhite,4,True,bgwhite_4d_dec,train
00058.jpg,bgwhite,4,True,bgwhite_4d_dec,train
00059.jpg,bgwhite,4,True,bgwhite_4d_dec,train
00060.jpg,bgwhite,5,True,bgwhite_5d_dec,test
00061.jpg,bgwhite,5,True,bgwhite_5d_dec,train
00062.jpg,bgwhite,5,True,bgwhite_5d_dec,train
00063.jpg,bgwhite,5,True,bgwhite_5d_dec,train
00064.jpg,bgwhite,5,False,bgwhite_5d_nodec,val
00065.jpg,bgwhite,5,False,bgwhite_5d_nodec,train
00066.jpg,bgwhite,5,False,bgwhite_5d_nodec,val
00069.jpg,bgwhite,5,False,bgwhite_5d_nodec,train
00070.jpg,bgwhite,4,True,bgwhite_4d_dec,train
00071.jpg,bgwhite,4,True,bgwhite_4d_dec,train
00072.jpg,bgwhite,5,True,bgwhite_5d_dec,val
00073.jpg,bgwhite,4,True,bgwhite_4d_dec,train
00074.jpg,bgwhite,4,True,bgwhite_4d_dec,train
00076.jpg,bgwhite,5,True,bgwhite_5d_dec,test
00077.jpg,bgwhite,4,True,bgwhite_4d_dec,train
00081.jpg,bgwhite,4,True,bgwhite_4d_dec,test
00084.jpg,bgwhite,5,True,bgwhite_5d_dec,train
00085.jpg,bgwhite,4,True,bgwhite_4d_dec,val
00088.jpg,bgwhite,4,True,bgwhite_4d_dec,train
00092.jpg,bgwhite,4,True,bgwhite_4d_dec,train
00094.jpg,bgwhite,5,True,bgwhite_5d_dec,train
00099.jpg,bgwhite,4,True,bgwhite_4d_dec,train
00100.jpg,bgwhite,4,True,bgwhite_4d_dec,val
00101.jpg,bgwhite,4,True,bgwhite_4d_dec,train
00102.jpg,bgwhite,5,False,bgwhite_5d_nodec,train
00103.jpg,bgwhite,5,False,bgwhite_5d_nodec,train
00104.jpg,bgwhite,4,True,bgwhite_4d_dec,val
00105.jpg,bgwhite,4,True,bgwhite_4d_dec,test
00106.jpg,bgwhite,4,True,bgwhite_4d_dec,train
00110.jpg,bgwhite,4,False,bgwhite_4d_nodec,train
00112.jpg,bgwhite,4,True,bgwhite_4d_dec,train
00113.jpg,bgwhite,4,True,bgwhite_4d_dec,train
00114.jpg,bgwhite,4,True,bgwhite_4d_dec,train
00116.jpg,bgwhite,4,True,bgwhite_4d_dec,test
00118.jpg,bgwhite,4,True,bgwhite_4d_dec,val
00119.jpg,bgwhite,5,True,bgwhite_5d_dec,train
00120.jpg,bgwhite,4,False,bgwhite_4d_nodec,train
00122.jpg,bgwhite,5,True,bgwhite_5d_dec,train
00123.jpg,bgwhite,4,True,bgwhite_4d_dec,train
00124.jpg,bgwhite,4,False,bgwhite_4d_nodec,train
00125.jpg,bgwhite,4,True,bgwhite_4d_dec,test
00129.jpg,bgwhite,5,False,bgwhite_5d_nodec,train
00130.jpg,bgwhite,5,True,bgwhite_5d_dec,train
00131.jpg,bgwhite,4,True,bgwhite_4d_dec,val
00133.jpg,bgwhite,5,True,bgwhite_5d_dec,train
00137.jpg,bgwhite,5,False,bgwhite_5d_nodec,train
00138.jpg,bgwhite,4,False,bgwhite_4d_nodec,test
00139.jpg,bgwhite,5,True,bgwhite_5d_dec,train
00141.jpg,bgwhite,5,True,bgwhite_5d_dec,train
00142.jpg,bgblack,5,True,bgblack_5d_dec,train
00143.jpg,bgwhite,5,True,bgwhite_5d_dec,train
00144.jpg,bgwhite,4,True,bgwhite_4d_dec,train
00145.jpg,bgwhite,4,True,bgwhite_4d_dec,train
00146.jpg,bgwhite,4,True,bgwhite_4d_dec,val
00147.jpg,bgwhite,5,True,bgwhite_5d_dec,train
00149.jpg,bgwhite,5,False,bgwhite_5d_nodec,train
00151.jpg,bgwhite,4,True,bgwhite_4d_dec,train
00152.jpg,bgwhite,4,True,bgwhite_4d_dec,train
00153.jpg,bgwhite,4,True,bgwhite_4d_dec,train
00154.jpg,bgwhite,5,True,bgwhite_5d_dec,train
00155.jpg,bgwhite,4,False,bgwhite_4d_nodec,train
00156.jpg,bgwhite,4,False,bgwhite_4d_nodec,train
00158.jpg,bgwhite,5,False,bgwhite_5d_nodec,train
00160.jpg,bgwhite,4,True,bgwhite_4d_dec,test
00161.jpg,bgwhite,4,True,bgwhite_4d_dec,val
00162.jpg,bgwhite,5,True,bgwhite_5d_dec,train
00164.jpg,bgwhite,4,False,bgwhite_4d_nodec,train
00165.jpg,bgwhite,4,True,bgwhite_4d_dec,train
00167.jpg,bgwhite,5,True,bgwhite_5d_dec,train
00168.jpg,bgwhite,5,False,bgwhite_5d_nodec,train
00169.jpg,bgwhite,5,False,bgwhite_5d_nodec,train
00173.jpg,bgwhite,5,False,bgwhite_5d_nodec,train
00174.jpg,bgwhite,4,True,bgwhite_4d_dec,train
00175.jpg,bgwhite,4,True,bgwhite_4d_dec,train
00178.jpg,bgwhite,5,False,bgwhite_5d_nodec,train
00179.jpg,bgwhite,5,False,bgwhite_5d_nodec,train
00180.jpg,bgwhite,4,True,bgwhite_4d_dec,train
00181.jpg,bgwhite,5,False,bgwhite_5d_nodec,train
00182.jpg,bgwhite,4,True,bgwhite_4d_dec,train
00183.jpg,bgwhite,5,True,bgwhite_5d_dec,train
00185.jpg,bgwhite,5,False,bgwhite_5d_nodec,val
00189.jpg,bgwhite,5,False,bgwhite_5d_nodec,train
00190.jpg,bgwhite,4,True,bgwhite_4d_dec,train
00192.jpg,bgwhite,5,True,bgwhite_5d_dec,val
00195.jpg,bgwhite,5,False,bgwhite_5d_nodec,train
00198.jpg,bgblack,5,True,bgblack_5d_dec,train
00199.jpg,bgwhite,4,True,bgwhite_4d_dec,train
00200.jpg,bgwhite,4,True,bgwhite_4d_dec,train
00201.jpg,bgwhite,4,True,bgwhite_4d_dec,test
00204.jpg,bgwhite,4,True,bgwhite_4d_dec,val
00205.jpg,bgwhite,5,True,bgwhite_5d_dec,test
00206.jpg,bgwhite,5,False,bgwhite_5d_nodec,train
00207.jpg,bgwhite,4,True,bgwhite_4d_dec,train
00208.jpg,bgwhite,5,True,bgwhite_5d_dec,train
00209.jpg,bgwhite,4,False,bgwhite_4d_nodec,train
00210.jpg,bgwhite,4,False,bgwhite_4d_nodec,train
00211.jpg,bgwhite,4,True,bgwhite_4d_dec,val
00212.jpg,bgwhite,4,True,bgwhite_4d_dec,val
00214.jpg,bgwhite,4,True,bgwhite_4d_dec,train
00215.jpg,bgwhite,5,False,bgwhite_5d_nodec,train
00216.jpg,bgwhite,4,True,bgwhite_4d_dec,train
00219.jpg,bgwhite,4,True,bgwhite_4d_dec,train
00220.jpg,bgwhite,5,True,bgwhite_5d_dec,train
00221.jpg,bgwhite,4,True,bgwhite_4d_dec,train
00222.jpg,bgwhite,4,True,bgwhite_4d_dec,train
00223.jpg,bgwhite,4,False,bgwhite_4d_nodec,train
00224.jpg,bgwhite,5,False,bgwhite_5d_nodec,train
00225.jpg,bgwhite,5,False,bgwhite_5d_nodec,val
00226.jpg,bgwhite,5,False,bgwhite_5d_nodec,train
00227.jpg,bgwhite,5,False,bgwhite_5d_nodec,train
00228.jpg,bgwhite,5,False,bgwhite_5d_nodec,train
00229.jpg,bgwhite,4,True,bgwhite_4d_dec,train
00230.jpg,bgwhite,4,True,bgwhite_4d_dec,train
00231.jpg,bgwhite,4,True,bgwhite_4d_dec,train
00232.jpg,bgwhite,5,False,bgwhite_5d_nodec,train
00233.jpg,bgwhite,5,False,bgwhite_5d_nodec,test
00234.jpg,bgwhite,4,True,bgwhite_4d_dec,train
00237.jpg,bgwhite,4,True,bgwhite_4d_dec,train
00238.jpg,bgwhite,4,True,bgwhite_4d_dec,train
00239.jpg,bgwhite,4,True,bgwhite_4d_dec,train
00240.jpg,bgwhite,5,False,bgwhite_5d_nodec,train
00241.jpg,bgwhite,4,True,bgwhite_4d_dec,train
00242.jpg,bgwhite,5,False,bgwhite_5d_nodec,train
00244.jpg,bgwhite,5,False,bgwhite_5d_nodec,val
00245.jpg,bgwhite,4,True,bgwhite_4d_dec,train
00246.jpg,bgwhite,5,False,bgwhite_5d_nodec,train
00247.jpg,bgwhite,4,True,bgwhite_4d_dec,val
00250.jpg,bgwhite,4,False,bgwhite_4d_nodec,train
00252.jpg,bgblack,5,True,bgblack_5d_dec,train
00254.jpg,bgwhite,4,True,bgwhite_4d_dec,train
00255.jpg,bgwhite,4,True,bgwhite_4d_dec,train
00256.jpg,bgwhite,4,True,bgwhite_4d_dec,train
00257.jpg,bgwhite,4,True,bgwhite_4d_dec,train
00258.jpg,bgwhite,5,True,bgwhite_5d_dec,test
00259.jpg,bgwhite,5,False,bgwhite_5d_nodec,test
00261.jpg,bgwhite,4,True,bgwhite_4d_dec,val
00265.jpg,bgwhite,5,False,bgwhite_5d_nodec,test
00266.jpg,bgwhite,4,False,bgwhite_4d_nodec,train
00267.jpg,bgblack,5,True,bgblack_5d_dec,train
00268.jpg,bgblack,5,True,bgblack_5d_dec,val
00269.jpg,bgwhite,4,True,bgwhite_4d_dec,train
00270.jpg,bgwhite,4,True,bgwhite_4d_dec,train
00271.jpg,bgwhite,4,True,bgwhite_4d_dec,train
00272.jpg,bgwhite,4,True,bgwhite_4d_dec,train
00273.jpg,bgwhite,5,True,bgwhite_5d_dec,train
00276.jpg,bgwhite,4,True,bgwhite_4d_dec,train
00279.jpg,bgwhite,5,True,bgwhite_5d_dec,train
00280.jpg,bgwhite,5,True,bgwhite_5d_dec,val
00282.jpg,bgwhite,4,True,bgwhite_4d_dec,val
00284.jpg,bgwhite,5,True,bgwhite_5d_dec,train
00285.jpg,bgwhite,4,True,bgwhite_4d_dec,train
00287.jpg,bgwhite,5,False,bgwhite_5d_nodec,val
00289.jpg,bgwhite,4,True,bgwhite_4d_dec,train
00291.jpg,bgwhite,5,False,bgwhite_5d_nodec,train
00292.jpg,bgwhite,5,True,bgwhite_5d_dec,val
00294.jpg,bgwhite,5,False,bgwhite_5d_nodec,val
00295.jpg,bgwhite,4,True,bgwhite_4d_dec,train
00297.jpg,bgwhite,4,False,bgwhite_4d_nodec,train
00298.jpg,bgwhite,4,True,bgwhite_4d_dec,test
00299.jpg,bgwhite,5,False,bgwhite_5d_nodec,train
00300.jpg,bgwhite,4,False,bgwhite_4d_nodec,train
00301.jpg,bgwhite,5,True,bgwhite_5d_dec,train
00302.jpg,bgwhite,4,True,bgwhite_4d_dec,train
00304.jpg,bgwhite,4,True,bgwhite_4d_dec,train
00305.jpg,bgwhite,5,False,bgwhite_5d_nodec,test
00306.jpg,bgwhite,4,True,bgwhite_4d_dec,val
00307.jpg,bgwhite,5,False,bgwhite_5d_nodec,train
00310.jpg,bgwhite,4,False,bgwhite_4d_nodec,train
00312.jpg,bgwhite,5,False,bgwhite_5d_nodec,train
00314.jpg,bgwhite,4,True,bgwhite_4d_dec,train
00315.jpg,bgwhite,5,False,bgwhite_5d_nodec,train
00316.jpg,bgwhite,5,True,bgwhite_5d_dec,train
00317.jpg,bgwhite,4,True,bgwhite_4d_dec,train
00318.jpg,bgwhite,4,True,bgwhite_4d_dec,train
00319.jpg,bgwhite,4,True,bgwhite_4d_dec,train
00320.jpg,bgwhite,5,True,bgwhite_5d_dec,train
00321.jpg,bgwhite,4,True,bgwhite_4d_dec,train
00322.jpg,bgwhite,5,True,bgwhite_5d_dec,train
00323.jpg,bgwhite,4,True,bgwhite_4d_dec,train
00324.jpg,bgwhite,5,False,bgwhite_5d_nodec,train
00326.jpg,bgwhite,5,False,bgwhite_5d_nodec,test
00327.jpg,bgwhite,5,False,bgwhite_5d_nodec,train
00328.jpg,bgwhite,4,True,bgwhite_4d_dec,val
00330.jpg,bgwhite,4,True,bgwhite_4d_dec,train
00331.jpg,bgwhite,5,True,bgwhite_5d_dec,train
00332.jpg,bgwhite,5,False,bgwhite_5d_nodec,train
00333.jpg,bgwhite,4,True,bgwhite_4d_dec,val
00337.jpg,bgwhite,4,True,bgwhite_4d_dec,train
00338.jpg,bgwhite,4,True,bgwhite_4d_dec,train
00339.jpg,bgwhite,5,False,bgwhite_5d_nodec,train
00340.jpg,bgwhite,4,True,bgwhite_4d_dec,train
00343.jpg,bgwhite,5,True,bgwhite_5d_dec,train
00344.jpg,bgwhite,5,True,bgwhite_5d_dec,train
00345.jpg,bgwhite,4,True,bgwhite_4d_dec,train
00349.jpg,bgwhite,5,False,bgwhite_5d_nodec,train
00353.jpg,bgwhite,4,True,bgwhite_4d_dec,train
00354.jpg,bgwhite,5,False,bgwhite_5d_nodec,train
00355.jpg,bgblack,5,True,bgblack_5d_dec,train
00356.jpg,bgwhite,5,True,bgwhite_5d_dec,train
00358.jpg,bgwhite,5,False,bgwhite_5d_nodec,train
00365.jpg,bgwhite,5,True,bgwhite_5d_dec,train
00367.jpg,bgwhite,4,True,bgwhite_4d_dec,train
00368.jpg,bgwhite,5,False,bgwhite_5d_nodec,train
00370.jpg,bgwhite,4,True,bgwhite_4d_dec,train
00373.jpg,bgwhite,4,True,bgwhite_4d_dec,train
00375.jpg,bgwhite,4,True,bgwhite_4d_dec,train
00377.jpg,bgwhite,4,False,bgwhite_4d_nodec,train
00378.jpg,bgwhite,5,True,bgwhite_5d_dec,train
00379.jpg,bgwhite,5,True,bgwhite_5d_dec,test
00380.jpg,bgwhite,5,True,bgwhite_5d_dec,test
00381.jpg,bgwhite,5,True,bgwhite_5d_dec,train
00382.jpg,bgwhite,5,True,bgwhite_5d_dec,train
00385.jpg,bgwhite,5,False,bgwhite_5d_nodec,train
00386.jpg,bgwhite,5,False,bgwhite_5d_nodec,train
00387.jpg,bgwhite,4,True,bgwhite_4d_dec,train
00388.jpg,bgwhite,5,True,bgwhite_5d_dec,train
00389.jpg,bgwhite,5,True,bgwhite_5d_dec,train
00390.jpg,bgwhite,4,True,bgwhite_4d_dec,train
00391.jpg,bgblack,5,True,bgblack_5d_dec,train
00392.jpg,bgwhite,4,True,bgwhite_4d_dec,train
00395.jpg,bgwhite,4,True,bgwhite_4d_dec,train
00397.jpg,bgwhite,5,True,bgwhite_5d_dec,train
00400.jpg,bgwhite,4,True,bgwhite_4d_dec,train
00401.jpg,bgwhite,4,True,bgwhite_4d_dec,train
00403.jpg,bgwhite,5,False,bgwhite_5d_nodec,train
00404.jpg,bgwhite,4,True,bgwhite_4d_dec,train
00405.jpg,bgwhite,4,True,bgwhite_4d_dec,train
00406.jpg,bgwhite,5,False,bgwhite_5d_nodec,train
00408.jpg,bgwhite,5,True,bgwhite_5d_dec,train
00409.jpg,bgblack,5,True,bgblack_5d_dec,test
00412.jpg,bgwhite,4,True,bgwhite_4d_dec,train
00413.jpg,bgwhite,4,True,bgwhite_4d_dec,train
00414.jpg,bgwhite,4,True,bgwhite_4d_dec,val
00416.jpg,bgwhite,4,True,bgwhite_4d_dec,val
00417.jpg,bgwhite,4,True,bgwhite_4d_dec,train
00418.jpg,bgwhite,4,True,bgwhite_4d_dec,train
00420.jpg,bgwhite,5,True,bgwhite_5d_dec,train
00421.jpg,bgwhite,4,True,bgwhite_4d_dec,train
00424.jpg,bgwhite,4,True,bgwhite_4d_dec,train
00425.jpg,bgwhite,4,True,bgwhite_4d_dec,test
00427.jpg,bgwhite,4,True,bgwhite_4d_dec,test
00428.jpg,bgwhite,4,True,bgwhite_4d_dec,train
00429.jpg,bgwhite,4,True,bgwhite_4d_dec,train
00432.jpg,bgwhite,4,True,bgwhite_4d_dec,train
00433.jpg,bgwhite,4,False,bgwhite_4d_nodec,train
00437.jpg,bgwhite,4,True,bgwhite_4d_dec,test
00440.jpg,bgwhite,5,False,bgwhite_5d_nodec,train
00441.jpg,bgwhite,4,True,bgwhite_4d_dec,train
00442.jpg,bgwhite,4,True,bgwhite_4d_dec,train
00444.jpg,bgwhite,5,True,bgwhite_5d_dec,test
00448.jpg,bgwhite,4,False,bgwhite_4d_nodec,train
00449.jpg,bgwhite,4,True,bgwhite_4d_dec,train
00452.jpg,bgwhite,4,True,bgwhite_4d_dec,val
00454.jpg,bgwhite,4,True,bgwhite_4d_dec,train
00455.jpg,bgwhite,4,True,bgwhite_4d_dec,train
00456.jpg,bgwhite,4,True,bgwhite_4d_dec,train
00458.jpg,bgwhite,4,True,bgwhite_4d_dec,train
00460.jpg,bgwhite,4,True,bgwhite_4d_dec,train
00461.jpg,bgwhite,5,True,bgwhite_5d_dec,val
00462.jpg,bgwhite,4,True,bgwhite_4d_dec,train
00463.jpg,bgwhite,5,False,bgwhite_5d_nodec,train
00464.jpg,bgwhite,4,True,bgwhite_4d_dec,train
00466.jpg,bgwhite,4,True,bgwhite_4d_dec,train
00467.jpg,bgwhite,4,True,bgwhite_4d_dec,train
00469.jpg,bgwhite,4,True,bgwhite_4d_dec,train
00470.jpg,bgwhite,4,True,bgwhite_4d_dec,train
00472.jpg,bgwhite,5,True,bgwhite_5d_dec,train
00473.jpg,bgwhite,4,True,bgwhite_4d_dec,train
00475.jpg,bgwhite,4,False,bgwhite_4d_nodec,val
00477.jpg,bgwhite,5,False,bgwhite_5d_nodec,train
00478.jpg,bgwhite,4,True,bgwhite_4d_dec,train
00479.jpg,bgwhite,4,True,bgwhite_4d_dec,val
00481.jpg,bgwhite,5,False,bgwhite_5d_nodec,val
00482.jpg,bgwhite,4,True,bgwhite_4d_dec,train
00483.jpg,bgwhite,4,True,bgwhite_4d_dec,train
00485.jpg,bgwhite,5,True,bgwhite_5d_dec,train
00487.jpg,bgwhite,5,False,bgwhite_5d_nodec,train
00490.jpg,bgblack,5,True,bgblack_5d_dec,train
00492.jpg,bgblack,5,True,bgblack_5d_dec,train
00497.jpg,bgwhite,4,True,bgwhite_4d_dec,val
00499.jpg,bgwhite,4,True,bgwhite_4d_dec,train
00500.jpg,bgwhite,4,True,bgwhite_4d_dec,test
00502.jpg,bgwhite,5,False,bgwhite_5d_nodec,val
00504.jpg,bgwhite,5,True,bgwhite_5d_dec,test
00506.jpg,bgblack,5,True,bgblack_5d_dec,train
00507.jpg,bgwhite,3,True,bgwhite_3d_dec,val
00511.jpg,bgwhite,4,True,bgwhite_4d_dec,train
00512.jpg,bgwhite,4,True,bgwhite_4d_dec,train
00514.jpg,bgwhite,4,True,bgwhite_4d_dec,train
00517.jpg,bgwhite,4,True,bgwhite_4d_dec,train
00518.jpg,bgwhite,4,True,bgwhite_4d_dec,train
00519.jpg,bgwhite,5,False,bgwhite_5d_nodec,train
00520.jpg,bgwhite,4,True,bgwhite_4d_dec,train
00521.jpg,bgwhite,5,False,bgwhite_5d_nodec,train
00522.jpg,bgwhite,5,True,bgwhite_5d_dec,train
00523.jpg,bgwhite,4,True,bgwhite_4d_dec,train
00524.jpg,bgwhite,4,True,bgwhite_4d_dec,test
00525.jpg,bgblack,5,True,bgblack_5d_dec,test
00526.jpg,bgwhite,5,True,bgwhite_5d_dec,train
00529.jpg,bgwhite,4,True,bgwhite_4d_dec,val
00531.jpg,bgwhite,4,True,bgwhite_4d_dec,train
00532.jpg,bgwhite,5,True,bgwhite_5d_dec,train
00533.jpg,bgwhite,4,True,bgwhite_4d_dec,train
00534.jpg,bgwhite,4,True,bgwhite_4d_dec,train
00535.jpg,bgblack,4,True,bgblack_4d_dec,train
00536.jpg,bgblack,5,True,bgblack_5d_dec,train
00541.jpg,bgwhite,4,True,bgwhite_4d_dec,train
00542.jpg,bgwhite,4,True,bgwhite_4d_dec,train
00543.jpg,bgwhite,5,True,bgwhite_5d_dec,val
00544.jpg,bgwhite,4,True,bgwhite_4d_dec,train
00546.jpg,bgwhite,5,True,bgwhite_5d_dec,train
00549.jpg,bgwhite,4,True,bgwhite_4d_dec,train
00551.jpg,bgwhite,4,True,bgwhite_4d_dec,val
00556.jpg,bgwhite,5,False,bgwhite_5d_nodec,train
00567.jpg,bgwhite,5,False,bgwhite_5d_nodec,train
00570.jpg,bgwhite,4,True,bgwhite_4d_dec,train
00572.jpg,bgwhite,4,True,bgwhite_4d_dec,train
00584.jpg,bgwhite,4,True,bgwhite_4d_dec,train
00585.jpg,bgwhite,4,True,bgwhite_4d_dec,train
00588.jpg,bgwhite,5,True,bgwhite_5d_dec,val
00589.jpg,bgwhite,5,False,bgwhite_5d_nodec,train
00590.jpg,bgwhite,4,True,bgwhite_4d_dec,train
00592.jpg,bgwhite,4,True,bgwhite_4d_dec,train
00593.jpg,bgwhite,5,False,bgwhite_5d_nodec,test
00597.jpg,bgwhite,5,False,bgwhite_5d_nodec,train
00598.jpg,bgwhite,5,True,bgwhite_5d_dec,train
00599.jpg,bgwhite,5,False,bgwhite_5d_nodec,train
00601.jpg,bgwhite,4,True,bgwhite_4d_dec,train
00607.jpg,bgwhite,5,True,bgwhite_5d_dec,train
00609.jpg,bgwhite,5,False,bgwhite_5d_nodec,train
00610.jpg,bgwhite,5,False,bgwhite_5d_nodec,train
00612.jpg,bgwhite,4,True,bgwhite_4d_dec,test
00613.jpg,bgwhite,5,True,bgwhite_5d_dec,train
00617.jpg,bgwhite,4,True,bgwhite_4d_dec,test
00622.jpg,bgwhite,4,True,bgwhite_4d_dec,train
00625.jpg,bgwhite,4,True,bgwhite_4d_dec,test
00626.jpg,bgwhite,5,False,bgwhite_5d_nodec,val
00630.jpg,bgwhite,5,False,bgwhite_5d_nodec,train
00631.jpg,bgwhite,5,True,bgwhite_5d_dec,train
00632.jpg,bgwhite,4,True,bgwhite_4d_dec,train
00636.jpg,bgwhite,4,True,bgwhite_4d_dec,train
00637.jpg,bgwhite,5,False,bgwhite_5d_nodec,val
00638.jpg,bgwhite,5,False,bgwhite_5d_nodec,train
00641.jpg,bgwhite,5,False,bgwhite_5d_nodec,train
00643.jpg,bgwhite,5,False,bgwhite_5d_nodec,train
00645.jpg,bgwhite,5,False,bgwhite_5d_nodec,train
00646.jpg,bgwhite,5,False,bgwhite_5d_nodec,train
00653.jpg,bgwhite,6,False,bgwhite_6d_nodec,train
00657.jpg,bgwhite,4,True,bgwhite_4d_dec,train
00659.jpg,bgwhite,5,False,bgwhite_5d_nodec,val
00661.jpg,bgwhite,5,True,bgwhite_5d_dec,train
00662.jpg,bgwhite,4,True,bgwhite_4d_dec,train
00663.jpg,bgwhite,4,True,bgwhite_4d_dec,train
00664.jpg,bgwhite,5,False,bgwhite_5d_nodec,train
00665.jpg,bgwhite,5,False,bgwhite_5d_nodec,train
00666.jpg,bgwhite,5,False,bgwhite_5d_nodec,train
00667.jpg,bgwhite,4,True,bgwhite_4d_dec,train
00669.jpg,bgwhite,5,True,bgwhite_5d_dec,train
00671.jpg,bgwhite,4,True,bgwhite_4d_dec,train
00672.jpg,bgwhite,4,True,bgwhite_4d_dec,train
00673.jpg,bgwhite,4,False,bgwhite_4d_nodec,train
00674.jpg,bgwhite,5,False,bgwhite_5d_nodec,train
00675.jpg,bgwhite,4,True,bgwhite_4d_dec,train
00679.jpg,bgwhite,5,False,bgwhite_5d_nodec,train
00683.jpg,bgwhite,4,True,bgwhite_4d_dec,train
00684.jpg,bgwhite,4,True,bgwhite_4d_dec,test
00685.jpg,bgwhite,5,False,bgwhite_5d_nodec,train
00686.jpg,bgwhite,5,False,bgwhite_5d_nodec,test
00687.jpg,bgwhite,5,True,bgwhite_5d_dec,train
00688.jpg,bgblack,5,True,bgblack_5d_dec,train
00689.jpg,bgwhite,5,False,bgwhite_5d_nodec,train
00691.jpg,bgwhite,5,True,bgwhite_5d_dec,train
00693.jpg,bgwhite,5,False,bgwhite_5d_nodec,train
00694.jpg,bgwhite,5,True,bgwhite_5d_dec,train
00699.jpg,bgwhite,5,False,bgwhite_5d_nodec,train
00702.jpg,bgwhite,5,False,bgwhite_5d_nodec,test
00704.jpg,bgwhite,5,True,bgwhite_5d_dec,train
00705.jpg,bgwhite,5,True,bgwhite_5d_dec,train
00707.jpg,bgwhite,5,False,bgwhite_5d_nodec,val
00710.jpg,bgwhite,5,True,bgwhite_5d_dec,train
00713.jpg,bgwhite,5,True,bgwhite_5d_dec,train
00716.jpg,bgwhite,5,False,bgwhite_5d_nodec,train
00720.jpg,bgblack,5,True,bgblack_5d_dec,train
00721.jpg,bgblack,5,True,bgblack_5d_dec,test
00722.jpg,bgwhite,4,True,bgwhite_4d_dec,test
00723.jpg,bgwhite,5,False,bgwhite_5d_nodec,train
00726.jpg,bgwhite,4,True,bgwhite_4d_dec,train
00727.jpg,bgwhite,5,False,bgwhite_5d_nodec,train
00728.jpg,bgwhite,5,False,bgwhite_5d_nodec,train
00730.jpg,bgwhite,4,True,bgwhite_4d_dec,train
00733.jpg,bgblack,5,True,bgblack_5d_dec,train
00735.jpg,bgwhite,4,True,bgwhite_4d_dec,train
00736.jpg,bgwhite,5,False,bgwhite_5d_nodec,test
00737.jpg,bgwhite,4,True,bgwhite_4d_dec,test
00740.jpg,bgwhite,5,False,bgwhite_5d_nodec,val
00741.jpg,bgwhite,4,True,bgwhite_4d_dec,test
00742.jpg,bgwhite,5,False,bgwhite_5d_nodec,train
00750.jpg,bgwhite,4,True,bgwhite_4d_dec,train
00751.jpg,bgwhite,5,False,bgwhite_5d_nodec,train
00752.jpg,bgwhite,5,True,bgwhite_5d_dec,train
00753.jpg,bgwhite,5,True,bgwhite_5d_dec,train
00754.jpg,bgwhite,5,False,bgwhite_5d_nodec,train
00755.jpg,bgblack,5,True,bgblack_5d_dec,val
00757.jpg,bgwhite,4,True,bgwhite_4d_dec,train
00759.jpg,bgwhite,5,False,bgwhite_5d_nodec,train
00763.jpg,bgblack,5,True,bgblack_5d_dec,train
00764.jpg,bgblack,5,True,bgblack_5d_dec,test
00765.jpg,bgwhite,4,True,bgwhite_4d_dec,train
00767.jpg,bgwhite,5,False,bgwhite_5d_nodec,train
00768.jpg,bgwhite,5,False,bgwhite_5d_nodec,train
00769.jpg,bgwhite,4,True,bgwhite_4d_dec,train
00770.jpg,bgwhite,4,True,bgwhite_4d_dec,train
00772.jpg,bgwhite,5,True,bgwhite_5d_dec,train
00773.jpg,bgwhite,4,True,bgwhite_4d_dec,train
00777.jpg,bgwhite,5,True,bgwhite_5d_dec,val
00781.jpg,bgwhite,5,False,bgwhite_5d_nodec,train
00782.jpg,bgwhite,5,False,bgwhite_5d_nodec,train
00784.jpg,bgwhite,5,True,bgwhite_5d_dec,train
00785.jpg,bgwhite,4,True,bgwhite_4d_dec,train
00786.jpg,bgwhite,4,True,bgwhite_4d_dec,train
00790.jpg,bgwhite,5,True,bgwhite_5d_dec,train
00794.jpg,bgwhite,5,False,bgwhite_5d_nodec,train
00797.jpg,bgwhite,4,True,bgwhite_4d_dec,train
00798.jpg,bgwhite,5,False,bgwhite_5d_nodec,val
00799.jpg,bgwhite,5,False,bgwhite_5d_nodec,test
00803.jpg,bgwhite,4,True,bgwhite_4d_dec,val
00806.jpg,bgwhite,5,False,bgwhite_5d_nodec,val
00813.jpg,bgwhite,4,True,bgwhite_4d_dec,test
00826.jpg,bgwhite,7,False,bgwhite_7d_nodec,train
00831.jpg,bgwhite,5,True,bgwhite_5d_dec,test
00836.jpg,bgwhite,5,True,bgwhite_5d_dec,val
00841.jpg,bgwhite,5,True,bgwhite_5d_dec,train
00845.jpg,bgwhite,5,False,bgwhite_5d_nodec,train
00847.jpg,bgwhite,5,True,bgwhite_5d_dec,train
00849.jpg,bgwhite,4,True,bgwhite_4d_dec,train
00853.jpg,bgwhite,4,True,bgwhite_4d_dec,train
00859.jpg,bgwhite,4,True,bgwhite_4d_dec,train
00861.jpg,bgwhite,5,False,bgwhite_5d_nodec,train
00867.jpg,bgwhite,5,False,bgwhite_5d_nodec,train
00875.jpg,bgwhite,4,True,bgwhite_4d_dec,val
00878.jpg,bgwhite,4,True,bgwhite_4d_dec,train
00888.jpg,bgwhite,4,True,bgwhite_4d_dec,train
00893.jpg,bgwhite,4,True,bgwhite_4d_dec,test
00895.jpg,bgwhite,4,True,bgwhite_4d_dec,train
00899.jpg,bgwhite,4,True,bgwhite_4d_dec,train
00907.jpg,bgwhite,5,True,bgwhite_5d_dec,train
00913.jpg,bgwhite,4,True,bgwhite_4d_dec,train
00915.jpg,bgblack,5,True,bgblack_5d_dec,train
00919.jpg,bgwhite,4,True,bgwhite_4d_dec,train
00922.jpg,bgwhite,4,True,bgwhite_4d_dec,train
00931.jpg,bgwhite,5,False,bgwhite_5d_nodec,train
00942.jpg,bgwhite,4,True,bgwhite_4d_dec,test
00945.jpg,bgwhite,4,True,bgwhite_4d_dec,train
00947.jpg,bgwhite,4,True,bgwhite_4d_dec,train
00949.jpg,bgwhite,5,False,bgwhite_5d_nodec,test
00954.jpg,bgwhite,4,True,bgwhite_4d_dec,train
00964.jpg,bgwhite,4,True,bgwhite_4d_dec,train
00965.jpg,bgwhite,5,False,bgwhite_5d_nodec,train
00969.jpg,bgwhite,5,False,bgwhite_5d_nodec,train
00970.jpg,bgwhite,4,True,bgwhite_4d_dec,train
00972.jpg,bgwhite,4,True,bgwhite_4d_dec,val
00973.jpg,bgwhite,4,True,bgwhite_4d_dec,train
00974.jpg,bgwhite,4,True,bgwhite_4d_dec,train
00976.jpg,bgwhite,4,True,bgwhite_4d_dec,train
00980.jpg,bgwhite,4,True,bgwhite_4d_dec,val
00981.jpg,bgwhite,4,True,bgwhite_4d_dec,train
00983.jpg,bgwhite,4,True,bgwhite_4d_dec,val
00993.jpg,bgwhite,5,False,bgwhite_5d_nodec,train
01001.jpg,bgwhite,5,False,bgwhite_5d_nodec,train
01003.jpg,bgwhite,4,True,bgwhite_4d_dec,train
01005.jpg,bgblack,5,True,bgblack_5d_dec,train
01010.jpg,bgwhite,5,False,bgwhite_5d_nodec,train
01012.jpg,bgwhite,5,False,bgwhite_5d_nodec,train
01014.jpg,bgwhite,5,False,bgwhite_5d_nodec,train
01018.jpg,bgwhite,5,False,bgwhite_5d_nodec,val
01020.jpg,bgwhite,4,True,bgwhite_4d_dec,train
01022.jpg,bgwhite,5,False,bgwhite_5d_nodec,train
01035.jpg,bgwhite,5,False,bgwhite_5d_nodec,train
01039.jpg,bgwhite,4,True,bgwhite_4d_dec,train
01044.jpg,bgwhite,5,False,bgwhite_5d_nodec,train
01045.jpg,bgwhite,4,True,bgwhite_4d_dec,train
01048.jpg,bgwhite,4,True,bgwhite_4d_dec,train
01049.jpg,bgwhite,4,True,bgwhite_4d_dec,train
01051.jpg,bgwhite,4,True,bgwhite_4d_dec,train
01054.jpg,bgwhite,5,True,bgwhite_5d_dec,train
01056.jpg,bgwhite,5,False,bgwhite_5d_nodec,train
01062.jpg,bgwhite,5,False,bgwhite_5d_nodec,train
01065.jpg,bgwhite,4,False,bgwhite_4d_nodec,train
01066.jpg,bgwhite,4,False,bgwhite_4d_nodec,train
01068.jpg,bgwhite,4,True,bgwhite_4d_dec,train
01069.jpg,bgwhite,4,True,bgwhite_4d_dec,val
01071.jpg,bgwhite,4,True,bgwhite_4d_dec,train
01072.jpg,bgwhite,5,True,bgwhite_5d_dec,train
01077.jpg,bgwhite,4,True,bgwhite_4d_dec,train
01083.jpg,bgwhite,5,False,bgwhite_5d_nodec,train
01084.jpg,bgwhite,5,False,bgwhite_5d_nodec,val
01088.jpg,bgwhite,4,True,bgwhite_4d_dec,train
01090.jpg,bgwhite,5,True,bgwhite_5d_dec,train
01095.jpg,bgwhite,4,True,bgwhite_4d_dec,train
01097.jpg,bgwhite,5,True,bgwhite_5d_dec,train
01102.jpg,bgwhite,5,True,bgwhite_5d_dec,train
01103.jpg,bgwhite,5,False,bgwhite_5d_nodec,val
01104.jpg,bgwhite,4,True,bgwhite_4d_dec,train
01106.jpg,bgwhite,4,False,bgwhite_4d_nodec,test
01107.jpg,bgwhite,5,False,bgwhite_5d_nodec,train
01111.jpg,bgwhite,4,True,bgwhite_4d_dec,train
01113.jpg,bgwhite,4,True,bgwhite_4d_dec,train
01115.jpg,bgwhite,5,True,bgwhite_5d_dec,val
01126.jpg,bgblack,5,True,bgblack_5d_dec,train
01129.jpg,bgwhite,4,True,bgwhite_4d_dec,train
01139.jpg,bgwhite,5,False,bgwhite_5d_nodec,train
01142.jpg,bgwhite,5,False,bgwhite_5d_nodec,test
01143.jpg,bgwhite,4,True,bgwhite_4d_dec,train
01150.jpg,bgwhite,4,False,bgwhite_4d_nodec,train
01153.jpg,bgwhite,5,False,bgwhite_5d_nodec,train
01157.jpg,bgwhite,5,False,bgwhite_5d_nodec,test
01163.jpg,bgwhite,5,False,bgwhite_5d_nodec,test
01165.jpg,bgwhite,5,False,bgwhite_5d_nodec,train
01176.jpg,bgwhite,5,True,bgwhite_5d_dec,train
01178.jpg,bgwhite,4,True,bgwhite_4d_dec,train
01183.jpg,bgblack,5,True,bgblack_5d_dec,train
01189.jpg,bgwhite,4,True,bgwhite_4d_dec,train
01191.jpg,bgwhite,4,True,bgwhite_4d_dec,train
01192.jpg,bgwhite,5,True,bgwhite_5d_dec,train
01193.jpg,bgwhite,5,False,bgwhite_5d_nodec,test
01196.jpg,bgwhite,4,True,bgwhite_4d_dec,train
01198.jpg,bgwhite,4,True,bgwhite_4d_dec,train
01204.jpg,bgwhite,5,False,bgwhite_5d_nodec,train
01211.jpg,bgwhite,4,True,bgwhite_4d_dec,train
01213.jpg,bgwhite,4,True,bgwhite_4d_dec,train
01218.jpg,bgwhite,5,False,bgwhite_5d_nodec,train
01221.jpg,bgwhite,4,True,bgwhite_4d_dec,train
01222.jpg,bgwhite,5,False,bgwhite_5d_nodec,train
01224.jpg,bgwhite,5,True,bgwhite_5d_dec,test
01227.jpg,bgblack,5,True,bgblack_5d_dec,train
01229.jpg,bgwhite,4,True,bgwhite_4d_dec,test
01230.jpg,bgwhite,5,False,bgwhite_5d_nodec,train
01231.jpg,bgwhite,5,True,bgwhite_5d_dec,test
01233.jpg,bgwhite,5,False,bgwhite_5d_nodec,train
01234.jpg,bgwhite,5,False,bgwhite_5d_nodec,train
01236.jpg,bgwhite,5,True,bgwhite_5d_dec,train
01240.jpg,bgwhite,5,False,bgwhite_5d_nodec,train
01241.jpg,bgwhite,5,False,bgwhite_5d_nodec,test
01244.jpg,bgwhite,4,True,bgwhite_4d_dec,test
01245.jpg,bgwhite,5,True,bgwhite_5d_dec,train
01246.jpg,bgwhite,4,True,bgwhite_4d_dec,train
01248.jpg,bgwhite,4,True,bgwhite_4d_dec,train
01251.jpg,bgwhite,5,False,bgwhite_5d_nodec,train
01252.jpg,bgwhite,5,True,bgwhite_5d_dec,val
01255.jpg,bgwhite,4,True,bgwhite_4d_dec,train
01260.jpg,bgwhite,4,True,bgwhite_4d_dec,train
01273.jpg,bgwhite,5,True,bgwhite_5d_dec,train
01274.jpg,bgwhite,4,True,bgwhite_4d_dec,train
01275.jpg,bgwhite,4,True,bgwhite_4d_dec,train
01277.jpg,bgwhite,4,True,bgwhite_4d_dec,train
01278.jpg,bgwhite,4,True,bgwhite_4d_dec,train
01279.jpg,bgwhite,5,True,bgwhite_5d_dec,train
01281.jpg,bgwhite,4,True,bgwhite_4d_dec,train
01282.jpg,bgwhite,5,True,bgwhite_5d_dec,val
01283.jpg,bgwhite,5,True,bgwhite_5d_dec,train
01288.jpg,bgwhite,4,True,bgwhite_4d_dec,train
01289.jpg,bgwhite,5,False,bgwhite_5d_nodec,test
01293.jpg,bgwhite,4,True,bgwhite_4d_dec,train
01294.jpg,bgwhite,4,True,bgwhite_4d_dec,train
01295.jpg,bgwhite,4,True,bgwhite_4d_dec,val
01297.jpg,bgwhite,4,True,bgwhite_4d_dec,train
01298.jpg,bgwhite,4,True,bgwhite_4d_dec,val
01299.jpg,bgwhite,4,True,bgwhite_4d_dec,train
01300.jpg,bgblack,5,True,bgblack_5d_dec,val
01301.jpg,bgwhite,5,False,bgwhite_5d_nodec,train
01302.jpg,bgwhite,4,True,bgwhite_4d_dec,train
01304.jpg,bgblack,5,True,bgblack_5d_dec,train
01306.jpg,bgwhite,5,False,bgwhite_5d_nodec,train
01307.jpg,bgwhite,5,False,bgwhite_5d_nodec,train
01312.jpg,bgwhite,4,True,bgwhite_4d_dec,val
01314.jpg,bgwhite,5,False,bgwhite_5d_nodec,train
01322.jpg,bgwhite,4,True,bgwhite_4d_dec,train
01323.jpg,bgwhite,5,False,bgwhite_5d_nodec,train
01327.jpg,bgwhite,4,True,bgwhite_4d_dec,train
01329.jpg,bgwhite,4,True,bgwhite_4d_dec,train
01336.jpg,bgwhite,5,True,bgwhite_5d_dec,train
01338.jpg,bgwhite,4,True,bgwhite_4d_dec,train
01339.jpg,bgwhite,5,False,bgwhite_5d_nodec,train
01341.jpg,bgwhite,5,False,bgwhite_5d_nodec,train
01345.jpg,bgwhite,4,True,bgwhite_4d_dec,train
01348.jpg,bgwhite,4,True,bgwhite_4d_dec,train
01353.jpg,bgwhite,4,True,bgwhite_4d_dec,val
01369.jpg,bgwhite,4,True,bgwhite_4d_dec,train
01370.jpg,bgwhite,4,True,bgwhite_4d_dec,train
01375.jpg,bgwhite,4,True,bgwhite_4d_dec,train
01379.jpg,bgwhite,4,True,bgwhite_4d_dec,train
01380.jpg,bgwhite,4,True,bgwhite_4d_dec,train
01382.jpg,bgwhite,4,True,bgwhite_4d_dec,train
01383.jpg,bgwhite,4,True,bgwhite_4d_dec,train
01384.jpg,bgwhite,4,True,bgwhite_4d_dec,train
01385.jpg,bgwhite,4,True,bgwhite_4d_dec,train
01387.jpg,bgwhite,4,True,bgwhite_4d_dec,train
01388.jpg,bgwhite,4,True,bgwhite_4d_dec,train
01389.jpg,bgwhite,4,True,bgwhite_4d_dec,train
01393.jpg,bgwhite,4,True,bgwhite_4d_dec,train
01394.jpg,bgwhite,4,True,bgwhite_4d_dec,train
01395.jpg,bgwhite,4,True,bgwhite_4d_dec,train
01396.jpg,bgwhite,4,True,bgwhite_4d_dec,train
01405.jpg,bgwhite,4,True,bgwhite_4d_dec,train
01413.jpg,bgwhite,4,True,bgwhite_4d_dec,train
01414.jpg,bgwhite,4,True,bgwhite_4d_dec,train
01421.jpg,bgwhite,4,True,bgwhite_4d_dec,train
01423.jpg,bgwhite,5,True,bgwhite_5d_dec,train
01424.jpg,bgwhite,4,True,bgwhite_4d_dec,train
01427.jpg,bgwhite,4,True,bgwhite_4d_dec,train
01429.jpg,bgwhite,5,False,bgwhite_5d_nodec,train
01435.jpg,bgwhite,5,True,bgwhite_5d_dec,test
01436.jpg,bgwhite,5,False,bgwhite_5d_nodec,train
01439.jpg,bgwhite,5,False,bgwhite_5d_nodec,train
01440.jpg,bgwhite,4,True,bgwhite_4d_dec,train
01441.jpg,bgwhite,5,False,bgwhite_5d_nodec,train
01447.jpg,bgwhite,5,True,bgwhite_5d_dec,train
01450.jpg,bgwhite,4,True,bgwhite_4d_dec,train
01454.jpg,bgblack,5,True,bgblack_5d_dec,train
01457.jpg,bgwhite,5,False,bgwhite_5d_nodec,train
01459.jpg,bgwhite,5,False,bgwhite_5d_nodec,train
01463.jpg,bgwhite,4,True,bgwhite_4d_dec,train
01464.jpg,bgwhite,5,True,bgwhite_5d_dec,train
01465.jpg,bgwhite,4,True,bgwhite_4d_dec,train
01466.jpg,bgwhite,4,True,bgwhite_4d_dec,train
01467.jpg,bgwhite,4,True,bgwhite_4d_dec,train
01473.jpg,bgwhite,4,True,bgwhite_4d_dec,train
01474.jpg,bgwhite,4,True,bgwhite_4d_dec,train
01477.jpg,bgwhite,4,True,bgwhite_4d_dec,val
01493.jpg,bgwhite,4,True,bgwhite_4d_dec,train
01494.jpg,bgwhite,4,True,bgwhite_4d_dec,train
01509.jpg,bgwhite,4,True,bgwhite_4d_dec,train
01512.jpg,bgwhite,5,False,bgwhite_5d_nodec,train
01521.jpg,bgblack,5,True,bgblack_5d_dec,train
01537.jpg,bgblack,5,True,bgblack_5d_dec,train
01541.jpg,bgwhite,4,True,bgwhite_4d_dec,val
01565.jpg,bgwhite,5,False,bgwhite_5d_nodec,train
01570.jpg,bgwhite,4,True,bgwhite_4d_dec,train
01573.jpg,bgwhite,5,False,bgwhite_5d_nodec,train
01580.jpg,bgwhite,4,True,bgwhite_4d_dec,train
01584.jpg,bgwhite,5,True,bgwhite_5d_dec,train
01600.jpg,bgwhite,4,True,bgwhite_4d_dec,train
01606.jpg,bgwhite,4,True,bgwhite_4d_dec,train
01612.jpg,bgwhite,5,False,bgwhite_5d_nodec,train
01617.jpg,bgwhite,5,False,bgwhite_5d_nodec,train
01618.jpg,bgwhite,5,False,bgwhite_5d_nodec,train
01667.jpg,bgwhite,5,False,bgwhite_5d_nodec,train
01693.jpg,bgwhite,5,False,bgwhite_5d_nodec,val
01709.jpg,bgwhite,5,True,bgwhite_5d_dec,train
01722.jpg,bgwhite,5,False,bgwhite_5d_nodec,train
01729.jpg,bgblack,5,True,bgblack_5d_dec,train
01737.jpg,bgwhite,5,False,bgwhite_5d_nodec,train
01748.jpg,bgwhite,5,False,bgwhite_5d_nodec,train
01752.jpg,bgwhite,5,False,bgwhite_5d_nodec,train
01758.jpg,bgwhite,5,False,bgwhite_5d_nodec,train
01759.jpg,bgwhite,5,True,bgwhite_5d_dec,train
01767.jpg,bgwhite,4,True,bgwhite_4d_dec,train
01770.jpg,bgwhite,4,True,bgwhite_4d_dec,train
01778.jpg,bgwhite,5,True,bgwhite_5d_dec,test
01783.jpg,bgblack,5,True,bgblack_5d_dec,train
01813.jpg,bgwhite,4,True,bgwhite_4d_dec,val
01823.jpg,bgwhite,4,True,bgwhite_4d_dec,train
01844.jpg,bgblack,5,True,bgblack_5d_dec,train
01860.jpg,bgwhite,4,True,bgwhite_4d_dec,val
01862.jpg,bgwhite,5,False,bgwhite_5d_nodec,train
01867.jpg,bgwhite,5,False,bgwhite_5d_nodec,val
01872.jpg,bgwhite,4,True,bgwhite_4d_dec,train
01873.jpg,bgwhite,5,True,bgwhite_5d_dec,train
01874.jpg,bgwhite,4,True,bgwhite_4d_dec,train
01875.jpg,bgwhite,4,True,bgwhite_4d_dec,train
01881.jpg,bgwhite,5,False,bgwhite_5d_nodec,train
01883.jpg,bgwhite,5,True,bgwhite_5d_dec,train
01884.jpg,bgwhite,4,False,bgwhite_4d_nodec,train
01918.jpg,bgwhite,4,True,bgwhite_4d_dec,test
01921.jpg,bgwhite,5,True,bgwhite_5d_dec,val
01924.jpg,bgwhite,4,True,bgwhite_4d_dec,train
01925.jpg,bgwhite,4,True,bgwhite_4d_dec,test
01926.jpg,bgwhite,4,True,bgwhite_4d_dec,train
01936.jpg,bgwhite,4,True,bgwhite_4d_dec,val
01964.jpg,bgwhite,5,True,bgwhite_5d_dec,val
01967.jpg,bgwhite,5,False,bgwhite_5d_nodec,train
01974.jpg,bgwhite,5,False,bgwhite_5d_nodec,train
01994.jpg,bgwhite,5,False,bgwhite_5d_nodec,train
01996.jpg,bgwhite,5,False,bgwhite_5d_nodec,train
02002.jpg,bgwhite,4,True,bgwhite_4d_dec,train
02003.jpg,bgwhite,4,True,bgwhite_4d_dec,train
02009.jpg,bgwhite,4,True,bgwhite_4d_dec,train
02011.jpg,bgwhite,4,True,bgwhite_4d_dec,test
02012.jpg,bgwhite,5,True,bgwhite_5d_dec,train
02032.jpg,bgwhite,4,True,bgwhite_4d_dec,train
02038.jpg,bgwhite,4,True,bgwhite_4d_dec,train
02042.jpg,bgwhite,4,True,bgwhite_4d_dec,train
02044.jpg,bgwhite,4,True,bgwhite_4d_dec,train
02050.jpg,bgwhite,4,True,bgwhite_4d_dec,train
02055.jpg,bgwhite,4,True,bgwhite_4d_dec,train
02056.jpg,bgwhite,4,True,bgwhite_4d_dec,train
02061.jpg,bgwhite,4,True,bgwhite_4d_dec,train
02077.jpg,bgwhite,5,False,bgwhite_5d_nodec,train
02079.jpg,bgwhite,4,True,bgwhite_4d_dec,train
02083.jpg,bgwhite,4,True,bgwhite_4d_dec,train
02102.jpg,bgwhite,5,False,bgwhite_5d_nodec,train
02113.jpg,bgwhite,4,True,bgwhite_4d_dec,train
02119.jpg,bgwhite,4,True,bgwhite_4d_dec,train
02122.jpg,bgwhite,5,True,bgwhite_5d_dec,train
02123.jpg,bgwhite,4,True,bgwhite_4d_dec,train
02124.jpg,bgwhite,5,True,bgwhite_5d_dec,train
02127.jpg,bgwhite,4,True,bgwhite_4d_dec,train
02128.jpg,bgwhite,4,True,bgwhite_4d_dec,test
02135.jpg,bgwhite,4,True,bgwhite_4d_dec,train
02146.jpg,bgwhite,5,True,bgwhite_5d_dec,train
02151.jpg,bgwhite,5,True,bgwhite_5d_dec,train
02163.jpg,bgwhite,4,True,bgwhite_4d_dec,train
02165.jpg,bgwhite,4,True,bgwhite_4d_dec,train
02190.jpg,bgwhite,4,True,bgwhite_4d_dec,train
02191.jpg,bgwhite,4,True,bgwhite_4d_dec,train
02205.jpg,bgwhite,4,True,bgwhite_4d_dec,train
02222.jpg,bgwhite,4,True,bgwhite_4d_dec,train
02240.jpg,bgwhite,5,True,bgwhite_5d_dec,train
02248.jpg,bgblack,5,True,bgblack_5d_dec,train
02253.jpg,bgblack,5,True,bgblack_5d_dec,train
02262.jpg,bgwhite,4,True,bgwhite_4d_dec,train
02272.jpg,bgwhite,5,True,bgwhite_5d_dec,train
02274.jpg,bgwhite,5,True,bgwhite_5d_dec,train
02276.jpg,bgwhite,4,True,bgwhite_4d_dec,train
02289.jpg,bgwhite,5,False,bgwhite_5d_nodec,train
02291.jpg,bgwhite,4,True,bgwhite_4d_dec,test
02296.jpg,bgwhite,5,True,bgwhite_5d_dec,train
02302.jpg,bgwhite,5,True,bgwhite_5d_dec,test
02303.jpg,bgwhite,4,True,bgwhite_4d_dec,train
02311.jpg,bgwhite,4,True,bgwhite_4d_dec,test
02316.jpg,bgwhite,4,True,bgwhite_4d_dec,test
02323.jpg,bgblack,5,True,bgblack_5d_dec,test
02324.jpg,bgwhite,4,True,bgwhite_4d_dec,train
02326.jpg,bgwhite,4,True,bgwhite_4d_dec,train
02330.jpg,bgwhite,4,True,bgwhite_4d_dec,train
02334.jpg,bgwhite,4,True,bgwhite_4d_dec,train
02337.jpg,bgwhite,5,True,bgwhite_5d_dec,train
02361.jpg,bgblack,5,True,bgblack_5d_dec,train
02371.jpg,bgwhite,5,False,bgwhite_5d_nodec,train
02387.jpg,bgwhite,4,True,bgwhite_4d_dec,test
02391.jpg,bgwhite,5,False,bgwhite_5d_nodec,train
02393.jpg,bgwhite,4,True,bgwhite_4d_dec,train
02406.jpg,bgwhite,4,True,bgwhite_4d_dec,train
02421.jpg,bgwhite,4,True,bgwhite_4d_dec,test
02441.jpg,bgwhite,5,True,bgwhite_5d_dec,train
02476.jpg,bgblack,5,True,bgblack_5d_dec,train
02502.jpg,bgwhite,5,False,bgwhite_5d_nodec,train
02505.jpg,bgwhite,4,True,bgwhite_4d_dec,train
02507.jpg,bgwhite,4,False,bgwhite_4d_nodec,train
02511.jpg,bgwhite,4,True,bgwhite_4d_dec,val
02517.jpg,bgblack,5,True,bgblack_5d_dec,train
02523.jpg,bgwhite,5,True,bgwhite_5d_dec,train
02524.jpg,bgwhite,4,True,bgwhite_4d_dec,train
02525.jpg,bgwhite,4,True,bgwhite_4d_dec,val
02526.jpg,bgwhite,4,True,bgwhite_4d_dec,test
02527.jpg,bgwhite,5,True,bgwhite_5d_dec,val
02528.jpg,bgwhite,5,True,bgwhite_5d_dec,val
02529.jpg,bgwhite,4,True,bgwhite_4d_dec,train
02533.jpg,bgwhite,4,False,bgwhite_4d_nodec,train
02534.jpg,bgwhite,5,True,bgwhite_5d_dec,train
02535.jpg,bgwhite,5,True,bgwhite_5d_dec,train
02536.jpg,bgwhite,5,False,bgwhite_5d_nodec,train
02537.jpg,bgwhite,4,True,bgwhite_4d_dec,train
02538.jpg,bgwhite,4,True,bgwhite_4d_dec,train
02539.jpg,bgwhite,5,False,bgwhite_5d_nodec,train
02540.jpg,bgwhite,4,True,bgwhite_4d_dec,train
02541.jpg,bgwhite,5,True,bgwhite_5d_dec,train
02542.jpg,bgwhite,4,True,bgwhite_4d_dec,test
02543.jpg,bgwhite,4,True,bgwhite_4d_dec,train
02544.jpg,bgwhite,4,True,bgwhite_4d_dec,train
02545.jpg,bgwhite,4,True,bgwhite_4d_dec,train
02546.jpg,bgblack,5,True,bgblack_5d_dec,val
02548.jpg,bgwhite,4,True,bgwhite_4d_dec,test
02549.jpg,bgwhite,4,True,bgwhite_4d_dec,train
02550.jpg,bgwhite,4,True,bgwhite_4d_dec,train
02551.jpg,bgwhite,4,True,bgwhite_4d_dec,train
02552.jpg,bgwhite,4,True,bgwhite_4d_dec,train
02553.jpg,bgwhite,4,True,bgwhite_4d_dec,test
02554.jpg,bgwhite,4,True,bgwhite_4d_dec,train
02555.jpg,bgwhite,5,True,bgwhite_5d_dec,train
02556.jpg,bgwhite,5,False,bgwhite_5d_nodec,val
02557.jpg,bgwhite,4,True,bgwhite_4d_dec,train
02558.jpg,bgwhite,4,True,bgwhite_4d_dec,train
02559.jpg,bgwhite,5,True,bgwhite_5d_dec,train
02560.jpg,bgwhite,5,True,bgwhite_5d_dec,train
02561.jpg,bgwhite,5,True,bgwhite_5d_dec,val
02562.jpg,bgwhite,5,True,bgwhite_5d_dec,train
02563.jpg,bgwhite,5,False,bgwhite_5d_nodec,train
02565.jpg,bgwhite,5,False,bgwhite_5d_nodec,train
02567.jpg,bgwhite,4,True,bgwhite_4d_dec,train
02568.jpg,bgwhite,5,False,bgwhite_5d_nodec,train
02572.jpg,bgwhite,5,True,bgwhite_5d_dec,train
02573.jpg,bgwhite,4,True,bgwhite_4d_dec,train
02574.jpg,bgwhite,4,True,bgwhite_4d_dec,train
02575.jpg,bgwhite,5,True,bgwhite_5d_dec,train
02577.jpg,bgwhite,5,True,bgwhite_5d_dec,train
02578.jpg,bgwhite,5,False,bgwhite_5d_nodec,test
02579.jpg,bgwhite,4,True,bgwhite_4d_dec,train
02580.jpg,bgwhite,4,True,bgwhite_4d_dec,train
02584.jpg,bgwhite,4,True,bgwhite_4d_dec,train
02585.jpg,bgwhite,4,True,bgwhite_4d_dec,train
02586.jpg,bgwhite,4,True,bgwhite_4d_dec,train
02587.jpg,bgwhite,5,True,bgwhite_5d_dec,val
02588.jpg,bgwhite,4,True,bgwhite_4d_dec,test
02589.jpg,bgwhite,4,True,bgwhite_4d_dec,train
02590.jpg,bgwhite,5,False,bgwhite_5d_nodec,train
02591.jpg,bgwhite,4,True,bgwhite_4d_dec,train
02592.jpg,bgwhite,4,True,bgwhite_4d_dec,train
02593.jpg,bgwhite,4,True,bgwhite_4d_dec,train
02595.jpg,bgwhite,5,True,bgwhite_5d_dec,train
02597.jpg,bgwhite,4,True,bgwhite_4d_dec,train
02598.jpg,bgwhite,4,True,bgwhite_4d_dec,train
02601.jpg,bgwhite,4,True,bgwhite_4d_dec,train
02602.jpg,bgwhite,4,True,bgwhite_4d_dec,train
02603.jpg,bgwhite,4,True,bgwhite_4d_dec,test
02604.jpg,bgwhite,5,False,bgwhite_5d_nodec,train
02605.jpg,bgwhite,5,False,bgwhite_5d_nodec,train
02606.jpg,bgwhite,4,True,bgwhite_4d_dec,train
02607.jpg,bgwhite,4,True,bgwhite_4d_dec,train
02609.jpg,bgwhite,5,False,bgwhite_5d_nodec,train
02610.jpg,bgwhite,5,False,bgwhite_5d_nodec,test
02612.jpg,bgwhite,4,True,bgwhite_4d_dec,train
02613.jpg,bgwhite,4,True,bgwhite_4d_dec,train
02614.jpg,bgwhite,4,True,bgwhite_4d_dec,train
02615.jpg,bgwhite,4,True,bgwhite_4d_dec,train
02617.jpg,bgwhite,4,True,bgwhite_4d_dec,train
02618.jpg,bgwhite,4,True,bgwhite_4d_dec,train
02619.jpg,bgwhite,4,True,bgwhite_4d_dec,train
02622.jpg,bgwhite,4,True,bgwhite_4d_dec,train
02625.jpg,bgwhite,5,False,bgwhite_5d_nodec,train
02626.jpg,bgblack,5,True,bgblack_5d_dec,train
02628.jpg,bgwhite,4,True,bgwhite_4d_dec,train
02629.jpg,bgwhite,4,False,bgwhite_4d_nodec,train
02630.jpg,bgwhite,4,True,bgwhite_4d_dec,train
02631.jpg,bgwhite,4,True,bgwhite_4d_dec,test
02632.jpg,bgwhite,4,True,bgwhite_4d_dec,train
02633.jpg,bgwhite,4,True,bgwhite_4d_dec,train
02634.jpg,bgblack,5,True,bgblack_5d_dec,train
02636.jpg,bgwhite,5,True,bgwhite_5d_dec,train
02637.jpg,bgwhite,4,True,bgwhite_4d_dec,train
02638.jpg,bgwhite,4,True,bgwhite_4d_dec,train
02639.jpg,bgwhite,5,True,bgwhite_5d_dec,test
02642.jpg,bgwhite,5,False,bgwhite_5d_nodec,train
02643.jpg,bgwhite,4,True,bgwhite_4d_dec,test
02644.jpg,bgwhite,5,True,bgwhite_5d_dec,train
02645.jpg,bgwhite,4,False,bgwhite_4d_nodec,train
02646.jpg,bgblack,5,True,bgblack_5d_dec,train
02647.jpg,bgwhite,5,True,bgwhite_5d_dec,train
02648.jpg,bgwhite,4,True,bgwhite_4d_dec,train
02651.jpg,bgwhite,4,True,bgwhite_4d_dec,train
02652.jpg,bgwhite,4,True,bgwhite_4d_dec,train
02653.jpg,bgwhite,4,True,bgwhite_4d_dec,train
02654.jpg,bgwhite,5,True,bgwhite_5d_dec,train
02655.jpg,bgwhite,5,True,bgwhite_5d_dec,test
02658.jpg,bgwhite,4,True,bgwhite_4d_dec,train
02660.jpg,bgwhite,4,True,bgwhite_4d_dec,train
02661.jpg,bgwhite,4,True,bgwhite_4d_dec,train
02662.jpg,bgwhite,5,True,bgwhite_5d_dec,train
02663.jpg,bgwhite,4,False,bgwhite_4d_nodec,val
02664.jpg,bgwhite,5,False,bgwhite_5d_nodec,train
02665.jpg,bgwhite,5,False,bgwhite_5d_nodec,train
02668.jpg,bgwhite,4,True,bgwhite_4d_dec,train
02669.jpg,bgwhite,4,True,bgwhite_4d_dec,test
02670.jpg,bgwhite,5,True,bgwhite_5d_dec,train
02671.jpg,bgwhite,4,True,bgwhite_4d_dec,val
02672.jpg,bgwhite,4,False,bgwhite_4d_nodec,test
02673.jpg,bgwhite,4,True,bgwhite_4d_dec,train
02674.jpg,bgwhite,5,False,bgwhite_5d_nodec,train
02676.jpg,bgwhite,5,True,bgwhite_5d_dec,train
02677.jpg,bgwhite,5,False,bgwhite_5d_nodec,train
02678.jpg,bgwhite,5,False,bgwhite_5d_nodec,train
02680.jpg,bgwhite,4,True,bgwhite_4d_dec,train
02682.jpg,bgwhite,5,False,bgwhite_5d_nodec,train
02683.jpg,bgwhite,4,True,bgwhite_4d_dec,train
02686.jpg,bgwhite,5,False,bgwhite_5d_nodec,test
02687.jpg,bgwhite,5,False,bgwhite_5d_nodec,train
02688.jpg,bgwhite,5,False,bgwhite_5d_nodec,train
02689.jpg,bgwhite,5,False,bgwhite_5d_nodec,train
02690.jpg,bgwhite,5,True,bgwhite_5d_dec,test
02691.jpg,bgwhite,4,True,bgwhite_4d_dec,train
02692.jpg,bgwhite,5,False,bgwhite_5d_nodec,train
02694.jpg,bgwhite,4,True,bgwhite_4d_dec,test
02697.jpg,bgwhite,4,True,bgwhite_4d_dec,val
02699.jpg,bgwhite,5,False,bgwhite_5d_nodec,train
02700.jpg,bgwhite,4,True,bgwhite_4d_dec,train
02701.jpg,bgwhite,4,False,bgwhite_4d_nodec,train
02702.jpg,bgwhite,5,True,bgwhite_5d_dec,train
02703.jpg,bgwhite,5,False,bgwhite_5d_nodec,train
02705.jpg,bgwhite,5,False,bgwhite_5d_nodec,train
02706.jpg,bgwhite,5,False,bgwhite_5d_nodec,val
02707.jpg,bgwhite,4,True,bgwhite_4d_dec,train
02708.jpg,bgwhite,4,True,bgwhite_4d_dec,train
02709.jpg,bgwhite,4,True,bgwhite_4d_dec,train
02710.jpg,bgblack,5,True,bgblack_5d_dec,train
02711.jpg,bgwhite,4,True,bgwhite_4d_dec,train
02713.jpg,bgblack,5,True,bgblack_5d_dec,train
02718.jpg,bgwhite,5,True,bgwhite_5d_dec,train
02719.jpg,bgwhite,4,False,bgwhite_4d_nodec,train
02720.jpg,bgwhite,4,True,bgwhite_4d_dec,train
02721.jpg,bgwhite,5,True,bgwhite_5d_dec,train
02724.jpg,bgwhite,4,False,bgwhite_4d_nodec,train
02725.jpg,bgwhite,4,True,bgwhite_4d_dec,train
02727.jpg,bgwhite,4,True,bgwhite_4d_dec,train
02729.jpg,bgwhite,4,True,bgwhite_4d_dec,train
02730.jpg,bgwhite,5,False,bgwhite_5d_nodec,train
02732.jpg,bgwhite,4,True,bgwhite_4d_dec,val
02733.jpg,bgwhite,5,True,bgwhite_5d_dec,test
02734.jpg,bgwhite,4,True,bgwhite_4d_dec,train
02735.jpg,bgwhite,4,True,bgwhite_4d_dec,train
02736.jpg,bgwhite,5,False,bgwhite_5d_nodec,train
02737.jpg,bgwhite,4,False,bgwhite_4d_nodec,train
02738.jpg,bgwhite,5,True,bgwhite_5d_dec,train
02739.jpg,bgwhite,5,False,bgwhite_5d_nodec,test
02740.jpg,bgwhite,5,False,bgwhite_5d_nodec,train
02741.jpg,bgwhite,5,False,bgwhite_5d_nodec,test
02742.jpg,bgwhite,5,False,bgwhite_5d_nodec,test
02743.jpg,bgwhite,4,False,bgwhite_4d_nodec,val
02744.jpg,bgwhite,5,False,bgwhite_5d_nodec,train
02745.jpg,bgwhite,4,True,bgwhite_4d_dec,train
02747.jpg,bgwhite,4,True,bgwhite_4d_dec,train
02749.jpg,bgwhite,5,False,bgwhite_5d_nodec,val
02751.jpg,bgwhite,5,False,bgwhite_5d_nodec,val
02752.jpg,bgwhite,4,True,bgwhite_4d_dec,test
02753.jpg,bgwhite,4,True,bgwhite_4d_dec,train
02754.jpg,bgwhite,4,True,bgwhite_4d_dec,train
02755.jpg,bgwhite,4,False,bgwhite_4d_nodec,train
02758.jpg,bgwhite,5,False,bgwhite_5d_nodec,train
02759.jpg,bgwhite,4,True,bgwhite_4d_dec,train
02760.jpg,bgwhite,5,False,bgwhite_5d_nodec,train
02764.jpg,bgwhite,4,False,bgwhite_4d_nodec,train
02765.jpg,bgwhite,4,True,bgwhite_4d_dec,train
02766.jpg,bgwhite,5,False,bgwhite_5d_nodec,train
02767.jpg,bgwhite,4,True,bgwhite_4d_dec,train
02770.jpg,bgwhite,4,True,bgwhite_4d_dec,test
02772.jpg,bgwhite,5,False,bgwhite_5d_nodec,train
02775.jpg,bgwhite,5,True,bgwhite_5d_dec,train
02777.jpg,bgwhite,5,False,bgwhite_5d_nodec,train
02780.jpg,bgblack,5,True,bgblack_5d_dec,train
02781.jpg,bgblack,5,True,bgblack_5d_dec,train
02783.jpg,bgwhite,4,True,bgwhite_4d_dec,train
02784.jpg,bgwhite,4,True,bgwhite_4d_dec,test
02785.jpg,bgwhite,5,True,bgwhite_5d_dec,train
02789.jpg,bgwhite,5,True,bgwhite_5d_dec,train
02790.jpg,bgwhite,5,True,bgwhite_5d_dec,train
02791.jpg,bgwhite,4,False,bgwhite_4d_nodec,train
02792.jpg,bgwhite,4,True,bgwhite_4d_dec,train
02793.jpg,bgwhite,4,True,bgwhite_4d_dec,train
02794.jpg,bgwhite,5,True,bgwhite_5d_dec,train
02795.jpg,bgwhite,4,True,bgwhite_4d_dec,train
02796.jpg,bgwhite,4,True,bgwhite_4d_dec,train
02797.jpg,bgwhite,5,False,bgwhite_5d_nodec,train
02799.jpg,bgwhite,4,True,bgwhite_4d_dec,test
02801.jpg,bgwhite,5,False,bgwhite_5d_nodec,test
02802.jpg,bgwhite,5,True,bgwhite_5d_dec,train
02804.jpg,bgwhite,5,False,bgwhite_5d_nodec,train
02805.jpg,bgwhite,4,True,bgwhite_4d_dec,train
02806.jpg,bgwhite,4,True,bgwhite_4d_dec,train
02807.jpg,bgwhite,4,True,bgwhite_4d_dec,val
02808.jpg,bgwhite,5,False,bgwhite_5d_nodec,train
02809.jpg,bgwhite,4,True,bgwhite_4d_dec,train
02810.jpg,bgwhite,4,True,bgwhite_4d_dec,val
02811.jpg,bgwhite,5,True,bgwhite_5d_dec,train
02812.jpg,bgwhite,4,True,bgwhite_4d_dec,train
02813.jpg,bgwhite,4,False,bgwhite_4d_nodec,train
02814.jpg,bgwhite,4,False,bgwhite_4d_nodec,train
02815.jpg,bgwhite,4,True,bgwhite_4d_dec,train
02816.jpg,bgwhite,5,False,bgwhite_5d_nodec,train
02817.jpg,bgwhite,4,True,bgwhite_4d_dec,train
02818.jpg,bgwhite,4,False,bgwhite_4d_nodec,test
02819.jpg,bgwhite,5,True,bgwhite_5d_dec,train
02820.jpg,bgwhite,5,True,bgwhite_5d_dec,train
02825.jpg,bgwhite,5,False,bgwhite_5d_nodec,train
02826.jpg,bgwhite,4,True,bgwhite_4d_dec,val
02827.jpg,bgwhite,5,False,bgwhite_5d_nodec,train
02830.jpg,bgwhite,5,True,bgwhite_5d_dec,train
02831.jpg,bgwhite,4,False,bgwhite_4d_nodec,val
02837.jpg,bgwhite,5,False,bgwhite_5d_nodec,train
02838.jpg,bgwhite,4,True,bgwhite_4d_dec,train
02839.jpg,bgwhite,4,True,bgwhite_4d_dec,train
02840.jpg,bgwhite,5,True,bgwhite_5d_dec,train
02842.jpg,bgwhite,5,True,bgwhite_5d_dec,train
02843.jpg,bgwhite,4,True,bgwhite_4d_dec,train
02844.jpg,bgwhite,5,True,bgwhite_5d_dec,train
02845.jpg,bgwhite,4,True,bgwhite_4d_dec,test
02846.jpg,bgwhite,5,False,bgwhite_5d_nodec,test
02847.jpg,bgwhite,4,True,bgwhite_4d_dec,train
02848.jpg,bgwhite,5,False,bgwhite_5d_nodec,train
02850.jpg,bgwhite,5,False,bgwhite_5d_nodec,train
02851.jpg,bgwhite,4,True,bgwhite_4d_dec,train
02853.jpg,bgwhite,4,True,bgwhite_4d_dec,train
02854.jpg,bgwhite,5,True,bgwhite_5d_dec,train
02855.jpg,bgwhite,5,False,bgwhite_5d_nodec,train
02856.jpg,bgwhite,4,True,bgwhite_4d_dec,train
02857.jpg,bgwhite,5,False,bgwhite_5d_nodec,val
02858.jpg,bgwhite,4,True,bgwhite_4d_dec,train
02859.jpg,bgwhite,4,True,bgwhite_4d_dec,test
02861.jpg,bgwhite,4,True,bgwhite_4d_dec,train
02863.jpg,bgwhite,5,False,bgwhite_5d_nodec,train
02864.jpg,bgwhite,4,True,bgwhite_4d_dec,train
02865.jpg,bgwhite,5,False,bgwhite_5d_nodec,train
02866.jpg,bgwhite,4,True,bgwhite_4d_dec,train
02867.jpg,bgwhite,4,True,bgwhite_4d_dec,train
02868.jpg,bgwhite,4,True,bgwhite_4d_dec,train
02869.jpg,bgwhite,5,True,bgwhite_5d_dec,test
02870.jpg,bgwhite,5,True,bgwhite_5d_dec,train
02872.jpg,bgwhite,4,True,bgwhite_4d_dec,val
02874.jpg,bgwhite,5,False,bgwhite_5d_nodec,train
02875.jpg,bgwhite,5,False,bgwhite_5d_nodec,train
02878.jpg,bgwhite,5,False,bgwhite_5d_nodec,train
02879.jpg,bgwhite,5,True,bgwhite_5d_dec,train
02881.jpg,bgwhite,5,False,bgwhite_5d_nodec,train
02882.jpg,bgwhite,5,False,bgwhite_5d_nodec,train
02883.jpg,bgwhite,5,True,bgwhite_5d_dec,train
02884.jpg,bgwhite,5,False,bgwhite_5d_nodec,train
02885.jpg,bgwhite,4,True,bgwhite_4d_dec,train
02889.jpg,bgwhite,5,False,bgwhite_5d_nodec,train
02890.jpg,bgwhite,4,True,bgwhite_4d_dec,train
02891.jpg,bgwhite,5,False,bgwhite_5d_nodec,train
02896.jpg,bgwhite,4,True,bgwhite_4d_dec,train
02900.jpg,bgwhite,5,True,bgwhite_5d_dec,train
02901.jpg,bgwhite,5,False,bgwhite_5d_nodec,train
02904.jpg,bgwhite,5,True,bgwhite_5d_dec,train
02906.jpg,bgwhite,5,True,bgwhite_5d_dec,train
02908.jpg,bgwhite,5,False,bgwhite_5d_nodec,train
02910.jpg,bgwhite,5,False,bgwhite_5d_nodec,train
02912.jpg,bgwhite,4,True,bgwhite_4d_dec,train
02914.jpg,bgwhite,5,True,bgwhite_5d_dec,train
02915.jpg,bgwhite,5,True,bgwhite_5d_dec,train
02924.jpg,bgwhite,4,True,bgwhite_4d_dec,test
02929.jpg,bgwhite,5,False,bgwhite_5d_nodec,train
02930.jpg,bgwhite,4,True,bgwhite_4d_dec,test
02933.jpg,bgwhite,4,True,bgwhite_4d_dec,train
02934.jpg,bgwhite,5,False,bgwhite_5d_nodec,train
02935.jpg,bgwhite,5,False,bgwhite_5d_nodec,train
02938.jpg,bgwhite,5,True,bgwhite_5d_dec,train
02954.jpg,bgwhite,5,True,bgwhite_5d_dec,train
02955.jpg,bgwhite,4,True,bgwhite_4d_dec,train
02957.jpg,bgwhite,4,True,bgwhite_4d_dec,train
02958.jpg,bgwhite,4,True,bgwhite_4d_dec,train
02960.jpg,bgwhite,4,True,bgwhite_4d_dec,val
02962.jpg,bgwhite,5,True,bgwhite_5d_dec,train
02963.jpg,bgwhite,4,False,bgwhite_4d_nodec,train
02964.jpg,bgwhite,4,True,bgwhite_4d_dec,train
02965.jpg,bgwhite,4,True,bgwhite_4d_dec,test
02966.jpg,bgwhite,4,True,bgwhite_4d_dec,train
02967.jpg,bgwhite,4,False,bgwhite_4d_nodec,test
02968.jpg,bgwhite,4,True,bgwhite_4d_dec,train
02970.jpg,bgwhite,4,True,bgwhite_4d_dec,train
02971.jpg,bgwhite,4,False,bgwhite_4d_nodec,train
02972.jpg,bgwhite,5,True,bgwhite_5d_dec,train
02973.jpg,bgwhite,5,False,bgwhite_5d_nodec,test
02982.jpg,bgwhite,5,False,bgwhite_5d_nodec,train
02986.jpg,bgwhite,5,True,bgwhite_5d_dec,train
02989.jpg,bgwhite,4,False,bgwhite_4d_nodec,val
02992.jpg,bgwhite,4,True,bgwhite_4d_dec,train
02993.jpg,bgwhite,5,False,bgwhite_5d_nodec,train
02995.jpg,bgwhite,4,True,bgwhite_4d_dec,train
02996.jpg,bgwhite,4,True,bgwhite_4d_dec,train
02998.jpg,bgwhite,4,True,bgwhite_4d_dec,train
02999.jpg,bgwhite,4,False,bgwhite_4d_nodec,val
03000.jpg,bgwhite,4,False,bgwhite_4d_nodec,train
03001.jpg,bgwhite,4,True,bgwhite_4d_dec,val
03002.jpg,bgwhite,5,True,bgwhite_5d_dec,train
03003.jpg,bgwhite,4,True,bgwhite_4d_dec,train
03005.jpg,bgwhite,4,True,bgwhite_4d_dec,train
03007.jpg,bgwhite,4,True,bgwhite_4d_dec,train
03008.jpg,bgwhite,4,True,bgwhite_4d_dec,test
03010.jpg,bgwhite,4,True,bgwhite_4d_dec,train
03011.jpg,bgwhite,4,True,bgwhite_4d_dec,test
03012.jpg,bgwhite,4,False,bgwhite_4d_nodec,train
03013.jpg,bgwhite,5,False,bgwhite_5d_nodec,train
03014.jpg,bgwhite,5,True,bgwhite_5d_dec,train
03015.jpg,bgwhite,4,True,bgwhite_4d_dec,train
03016.jpg,bgwhite,4,False,bgwhite_4d_nodec,train
03018.jpg,bgwhite,4,True,bgwhite_4d_dec,test
03020.jpg,bgwhite,4,True,bgwhite_4d_dec,train
03022.jpg,bgwhite,4,True,bgwhite_4d_dec,val
03023.jpg,bgwhite,5,False,bgwhite_5d_nodec,train
03024.jpg,bgwhite,4,False,bgwhite_4d_nodec,train
03025.jpg,bgwhite,4,True,bgwhite_4d_dec,train
03026.jpg,bgwhite,4,True,bgwhite_4d_dec,train
03027.jpg,bgwhite,4,True,bgwhite_4d_dec,train
03028.jpg,bgwhite,4,True,bgwhite_4d_dec,train
03029.jpg,bgwhite,5,True,bgwhite_5d_dec,train
03031.jpg,bgwhite,5,False,bgwhite_5d_nodec,test
03039.jpg,bgwhite,4,True,bgwhite_4d_dec,train
03040.jpg,bgwhite,5,False,bgwhite_5d_nodec,train
03041.jpg,bgwhite,4,True,bgwhite_4d_dec,train
03042.jpg,bgwhite,5,False,bgwhite_5d_nodec,train
03044.jpg,bgwhite,4,True,bgwhite_4d_dec,val
03045.jpg,bgwhite,5,False,bgwhite_5d_nodec,train
03046.jpg,bgwhite,5,False,bgwhite_5d_nodec,train
03047.jpg,bgwhite,5,False,bgwhite_5d_nodec,train
03048.jpg,bgwhite,4,False,bgwhite_4d_nodec,train
03049.jpg,bgblack,5,True,bgblack_5d_dec,train
03051.jpg,bgwhite,4,True,bgwhite_4d_dec,train
03052.jpg,bgwhite,5,False,bgwhite_5d_nodec,train
03055.jpg,bgwhite,5,True,bgwhite_5d_dec,test
03057.jpg,bgwhite,4,True,bgwhite_4d_dec,train
03060.jpg,bgwhite,5,False,bgwhite_5d_nodec,train
03061.jpg,bgwhite,4,True,bgwhite_4d_dec,test
03063.jpg,bgwhite,5,False,bgwhite_5d_nodec,test
03064.jpg,bgwhite,5,False,bgwhite_5d_nodec,train
03065.jpg,bgwhite,4,True,bgwhite_4d_dec,train
03066.jpg,bgwhite,5,False,bgwhite_5d_nodec,train
03068.jpg,bgwhite,4,True,bgwhite_4d_dec,train
03069.jpg,bgwhite,5,True,bgwhite_5d_dec,train
03070.jpg,bgblack,5,True,bgblack_5d_dec,val
03071.jpg,bgwhite,5,True,bgwhite_5d_dec,train
03075.jpg,bgwhite,4,True,bgwhite_4d_dec,train
03076.jpg,bgwhite,5,True,bgwhite_5d_dec,test
03078.jpg,bgwhite,4,True,bgwhite_4d_dec,train
03079.jpg,bgwhite,4,True,bgwhite_4d_dec,train
03081.jpg,bgblack,5,True,bgblack_5d_dec,val
03085.jpg,bgwhite,4,True,bgwhite_4d_dec,val
03086.jpg,bgwhite,5,True,bgwhite_5d_dec,train
03087.jpg,bgwhite,4,True,bgwhite_4d_dec,train
03091.jpg,bgwhite,4,True,bgwhite_4d_dec,train
03094.jpg,bgwhite,4,True,bgwhite_4d_dec,test
03095.jpg,bgwhite,5,False,bgwhite_5d_nodec,train
03100.jpg,bgwhite,5,False,bgwhite_5d_nodec,train
03101.jpg,bgwhite,4,True,bgwhite_4d_dec,train
03103.jpg,bgwhite,5,False,bgwhite_5d_nodec,test
03104.jpg,bgwhite,4,True,bgwhite_4d_dec,train
03106.jpg,bgwhite,5,False,bgwhite_5d_nodec,train
03108.jpg,bgwhite,4,True,bgwhite_4d_dec,train
03116.jpg,bgwhite,4,True,bgwhite_4d_dec,train
03117.jpg,bgwhite,4,True,bgwhite_4d_dec,train
03118.jpg,bgwhite,5,True,bgwhite_5d_dec,train
03119.jpg,bgwhite,4,False,bgwhite_4d_nodec,train
03120.jpg,bgwhite,5,False,bgwhite_5d_nodec,train
03121.jpg,bgwhite,5,True,bgwhite_5d_dec,train
03122.jpg,bgwhite,5,False,bgwhite_5d_nodec,val
03124.jpg,bgwhite,5,False,bgwhite_5d_nodec,train
03131.jpg,bgwhite,5,False,bgwhite_5d_nodec,train
03132.jpg,bgwhite,5,False,bgwhite_5d_nodec,train
03136.jpg,bgwhite,5,True,bgwhite_5d_dec,train
03137.jpg,bgwhite,5,False,bgwhite_5d_nodec,test
03143.jpg,bgwhite,5,False,bgwhite_5d_nodec,train
03144.jpg,bgwhite,4,True,bgwhite_4d_dec,train
03145.jpg,bgwhite,5,True,bgwhite_5d_dec,train
03156.jpg,bgwhite,4,True,bgwhite_4d_dec,train
03157.jpg,bgwhite,5,False,bgwhite_5d_nodec,train
03161.jpg,bgwhite,5,False,bgwhite_5d_nodec,test
03162.jpg,bgwhite,5,True,bgwhite_5d_dec,train
03168.jpg,bgwhite,5,False,bgwhite_5d_nodec,train
03169.jpg,bgwhite,5,False,bgwhite_5d_nodec,train
03171.jpg,bgwhite,5,False,bgwhite_5d_nodec,train
03172.jpg,bgwhite,4,True,bgwhite_4d_dec,train
03173.jpg,bgwhite,5,False,bgwhite_5d_nodec,val
03175.jpg,bgwhite,4,True,bgwhite_4d_dec,train
03176.jpg,bgwhite,4,True,bgwhite_4d_dec,test
03177.jpg,bgwhite,5,False,bgwhite_5d_nodec,train
03178.jpg,bgwhite,5,False,bgwhite_5d_nodec,train
03179.jpg,bgwhite,5,False,bgwhite_5d_nodec,train
03182.jpg,bgwhite,5,False,bgwhite_5d_nodec,train
03184.jpg,bgwhite,5,False,bgwhite_5d_nodec,train
03187.jpg,bgwhite,5,True,bgwhite_5d_dec,train
03192.jpg,bgwhite,5,False,bgwhite_5d_nodec,train
03194.jpg,bgwhite,5,False,bgwhite_5d_nodec,train
03195.jpg,bgwhite,5,False,bgwhite_5d_nodec,val
03197.jpg,bgwhite,5,False,bgwhite_5d_nodec,train
03198.jpg,bgwhite,4,True,bgwhite_4d_dec,val
