image,split,reason,red_pct,median_a
00004.jpg,train,"LAB relative redness (median_a=125, red=3.7%, concentration=100%)",3.69,125
00007.jpg,val,"LAB relative redness (median_a=128, red=8.9%, concentration=100%)",8.90,128
00008.jpg,train,"LAB relative redness (median_a=128, red=14.5%, concentration=100%)",14.54,128
00013.jpg,train,"LAB relative redness (median_a=129, red=10.3%, concentration=100%)",10.35,129
00017.jpg,train,"LAB relative redness (median_a=129, red=6.7%, concentration=100%)",6.71,129
00021.jpg,val,"LAB relative redness (median_a=128, red=15.1%, concentration=100%)",15.12,128
00022.jpg,train,"LAB relative redness (median_a=129, red=35.6%, concentration=100%)",35.62,129
00023.jpg,train,"LAB relative redness (median_a=130, red=36.0%, concentration=100%)",36.03,130
00028.jpg,train,"LAB relative redness (median_a=129, red=9.5%, concentration=100%)",9.48,129
00030.jpg,train,"LAB relative redness (median_a=129, red=7.5%, concentration=100%)",7.49,129
00032.jpg,train,"LAB relative redness (median_a=128, red=9.3%, concentration=100%)",9.32,128
00033.jpg,train,"LAB relative redness (median_a=128, red=9.0%, concentration=100%)",9.00,128
00034.jpg,train,"LAB relative redness (median_a=127, red=11.4%, concentration=100%)",11.37,127
00037.jpg,train,"LAB relative redness (median_a=131, red=6.6%, concentration=100%)",6.59,131
00038.jpg,val,"LAB relative redness (median_a=128, red=8.2%, concentration=100%)",8.24,128
00041.jpg,train,"LAB relative redness (median_a=128, red=14.0%, concentration=96%)",13.97,128
00043.jpg,train,"LAB relative redness (median_a=127, red=7.6%, concentration=100%)",7.59,127
00044.jpg,train,"LAB relative redness (median_a=130, red=9.2%, concentration=100%)",9.17,130
00045.jpg,train,"LAB relative redness (median_a=126, red=10.3%, concentration=100%)",10.29,126
00046.jpg,val,"LAB relative redness (median_a=127, red=6.0%, concentration=100%)",6.01,127
00047.jpg,train,"LAB relative redness (median_a=127, red=33.5%, concentration=100%)",33.51,127
00049.jpg,train,"LAB relative redness (median_a=130, red=15.3%, concentration=99%)",15.29,130
00050.jpg,val,"LAB relative redness (median_a=127, red=6.7%, concentration=100%)",6.68,127
00051.jpg,train,"LAB relative redness (median_a=128, red=6.8%, concentration=100%)",6.79,128
00052.jpg,train,"LAB relative redness (median_a=128, red=5.1%, concentration=100%)",5.12,128
00053.jpg,train,"LAB relative redness (median_a=125, red=5.9%, concentration=100%)",5.90,125
00054.jpg,train,"LAB relative redness (median_a=128, red=2.6%, concentration=100%)",2.57,128
00056.jpg,val,"LAB relative redness (median_a=128, red=5.8%, concentration=100%)",5.80,128
00057.jpg,train,"LAB relative redness (median_a=128, red=14.0%, concentration=100%)",14.00,128
00058.jpg,train,"LAB relative redness (median_a=128, red=14.1%, concentration=94%)",14.12,128
00059.jpg,train,"LAB relative redness (median_a=126, red=3.6%, concentration=100%)",3.62,126
00060.jpg,test,"LAB relative redness (median_a=128, red=8.2%, concentration=100%)",8.17,128
00061.jpg,train,"LAB relative redness (median_a=128, red=5.4%, concentration=100%)",5.41,128
00062.jpg,train,"LAB relative redness (median_a=125, red=6.9%, concentration=100%)",6.88,125
00063.jpg,train,"LAB relative redness (median_a=126, red=7.1%, concentration=100%)",7.14,126
00070.jpg,train,"LAB relative redness (median_a=127, red=9.2%, concentration=100%)",9.23,127
00071.jpg,train,"LAB relative redness (median_a=129, red=16.1%, concentration=100%)",16.06,129
00072.jpg,val,"LAB relative redness (median_a=125, red=25.9%, concentration=100%)",25.89,125
00073.jpg,train,"LAB relative redness (median_a=126, red=6.0%, concentration=100%)",6.04,126
00074.jpg,train,"LAB relative redness (median_a=128, red=5.4%, concentration=100%)",5.43,128
00076.jpg,test,"LAB relative redness (median_a=128, red=6.2%, concentration=100%)",6.16,128
00077.jpg,train,"LAB relative redness (median_a=131, red=7.6%, concentration=98%)",7.62,131
00081.jpg,test,"LAB relative redness (median_a=128, red=1.4%, concentration=98%)",1.37,128
00084.jpg,train,"LAB relative redness (median_a=128, red=8.3%, concentration=100%)",8.26,128
00085.jpg,val,"LAB relative redness (median_a=127, red=4.8%, concentration=100%)",4.75,127
00088.jpg,train,"LAB relative redness (median_a=125, red=4.9%, concentration=100%)",4.87,125
00092.jpg,train,"LAB relative redness (median_a=127, red=5.2%, concentration=100%)",5.25,127
00094.jpg,train,"LAB relative redness (median_a=126, red=8.9%, concentration=100%)",8.94,126
00099.jpg,train,"LAB relative redness (median_a=127, red=7.5%, concentration=100%)",7.48,127
00100.jpg,val,"LAB relative redness (median_a=127, red=13.0%, concentration=100%)",13.03,127
00101.jpg,train,"LAB relative redness (median_a=127, red=15.3%, concentration=100%)",15.25,127
00104.jpg,val,"LAB relative redness (median_a=126, red=5.8%, concentration=100%)",5.81,126
00105.jpg,test,"LAB relative redness (median_a=128, red=6.2%, concentration=100%)",6.15,128
00106.jpg,train,"LAB relative redness (median_a=128, red=6.2%, concentration=100%)",6.22,128
00112.jpg,train,"LAB relative redness (median_a=129, red=13.7%, concentration=100%)",13.73,129
00113.jpg,train,"LAB relative redness (median_a=127, red=10.9%, concentration=100%)",10.94,127
00114.jpg,train,"LAB relative redness (median_a=127, red=10.6%, concentration=100%)",10.56,127
00116.jpg,test,"LAB relative redness (median_a=128, red=12.6%, concentration=100%)",12.60,128
00118.jpg,val,"LAB relative redness (median_a=127, red=2.7%, concentration=100%)",2.68,127
00119.jpg,train,"LAB relative redness (median_a=128, red=7.6%, concentration=100%)",7.59,128
00122.jpg,train,"LAB relative redness (median_a=126, red=20.1%, concentration=97%)",20.09,126
00123.jpg,train,"LAB relative redness (median_a=128, red=9.0%, concentration=100%)",9.02,128
00125.jpg,test,"LAB relative redness (median_a=127, red=7.3%, concentration=100%)",7.29,127
00130.jpg,train,"LAB relative redness (median_a=125, red=1.7%, concentration=100%)",1.69,125
00131.jpg,val,"LAB relative redness (median_a=128, red=8.3%, concentration=100%)",8.26,128
00133.jpg,train,"LAB relative redness (median_a=125, red=7.4%, concentration=100%)",7.35,125
00139.jpg,train,"LAB relative redness (median_a=128, red=7.1%, concentration=100%)",7.10,128
00141.jpg,train,"LAB relative redness (median_a=128, red=8.4%, concentration=100%)",8.36,128
00142.jpg,train,"LAB relative redness (median_a=129, red=35.9%, concentration=100%)",35.94,129
00143.jpg,train,"LAB relative redness (median_a=128, red=7.8%, concentration=100%)",7.75,128
00144.jpg,train,"LAB relative redness (median_a=129, red=11.1%, concentration=100%)",11.15,129
00145.jpg,train,"LAB relative redness (median_a=127, red=7.4%, concentration=100%)",7.41,127
00146.jpg,val,"LAB relative redness (median_a=129, red=10.3%, concentration=100%)",10.30,129
00147.jpg,train,"LAB relative redness (median_a=127, red=8.2%, concentration=100%)",8.17,127
00151.jpg,train,"LAB relative redness (median_a=128, red=13.5%, concentration=100%)",13.52,128
00152.jpg,train,"LAB relative redness (median_a=128, red=7.7%, concentration=100%)",7.67,128
00153.jpg,train,"LAB relative redness (median_a=126, red=7.8%, concentration=100%)",7.78,126
00154.jpg,train,"LAB relative redness (median_a=125, red=5.4%, concentration=100%)",5.42,125
00160.jpg,test,"LAB relative redness (median_a=127, red=11.6%, concentration=100%)",11.60,127
00161.jpg,val,"LAB relative redness (median_a=129, red=10.5%, concentration=100%)",10.49,129
00162.jpg,train,"LAB relative redness (median_a=131, red=9.9%, concentration=100%)",9.92,131
00165.jpg,train,"LAB relative redness (median_a=128, red=6.1%, concentration=100%)",6.09,128
00167.jpg,train,"LAB relative redness (median_a=128, red=11.0%, concentration=100%)",10.96,128
00174.jpg,train,"LAB relative redness (median_a=130, red=15.5%, concentration=100%)",15.47,130
00175.jpg,train,"LAB relative redness (median_a=127, red=4.5%, concentration=100%)",4.50,127
00180.jpg,train,"LAB relative redness (median_a=127, red=5.5%, concentration=100%)",5.54,127
00182.jpg,train,"LAB relative redness (median_a=129, red=12.1%, concentration=100%)",12.09,129
00183.jpg,train,"LAB relative redness (median_a=130, red=7.5%, concentration=100%)",7.50,130
00190.jpg,train,"LAB relative redness (median_a=128, red=9.8%, concentration=100%)",9.78,128
00192.jpg,val,"LAB relative redness (median_a=127, red=8.1%, concentration=100%)",8.06,127
00198.jpg,train,"LAB relative redness (median_a=129, red=36.4%, concentration=100%)",36.39,129
00199.jpg,train,"LAB relative redness (median_a=128, red=6.0%, concentration=100%)",6.00,128
00200.jpg,train,"LAB relative redness (median_a=128, red=10.8%, concentration=100%)",10.85,128
00201.jpg,test,"LAB relative redness (median_a=127, red=6.1%, concentration=100%)",6.09,127
00204.jpg,val,"LAB relative redness (median_a=126, red=11.0%, concentration=100%)",11.01,126
00205.jpg,test,"LAB relative redness (median_a=127, red=8.5%, concentration=100%)",8.50,127
00207.jpg,train,"LAB relative redness (median_a=128, red=6.0%, concentration=100%)",5.98,128
00208.jpg,train,"LAB relative redness (median_a=129, red=7.9%, concentration=100%)",7.95,129
00211.jpg,val,"LAB relative redness (median_a=128, red=4.9%, concentration=100%)",4.90,128
00212.jpg,val,"LAB relative redness (median_a=127, red=8.2%, concentration=100%)",8.19,127
00214.jpg,train,"LAB relative redness (median_a=127, red=2.5%, concentration=100%)",2.48,127
00216.jpg,train,"LAB relative redness (median_a=125, red=3.8%, concentration=100%)",3.83,125
00219.jpg,train,"LAB relative redness (median_a=125, red=10.3%, concentration=100%)",10.28,125
00220.jpg,train,"LAB relative redness (median_a=130, red=7.9%, concentration=100%)",7.88,130
00221.jpg,train,"LAB relative redness (median_a=128, red=6.6%, concentration=100%)",6.56,128
00222.jpg,train,"LAB relative redness (median_a=130, red=14.1%, concentration=100%)",14.09,130
00229.jpg,train,"LAB relative redness (median_a=130, red=14.6%, concentration=100%)",14.62,130
00230.jpg,train,"LAB relative redness (median_a=128, red=5.5%, concentration=100%)",5.51,128
00231.jpg,train,"LAB relative redness (median_a=128, red=11.3%, concentration=100%)",11.31,128
00234.jpg,train,"LAB relative redness (median_a=129, red=15.4%, concentration=98%)",15.43,129
00237.jpg,train,"LAB relative redness (median_a=128, red=6.9%, concentration=100%)",6.92,128
00238.jpg,train,"LAB relative redness (median_a=130, red=15.9%, concentration=94%)",15.86,130
00239.jpg,train,"LAB relative redness (median_a=128, red=11.1%, concentration=97%)",11.06,128
00241.jpg,train,"LAB relative redness (median_a=127, red=9.6%, concentration=100%)",9.59,127
00245.jpg,train,"LAB relative redness (median_a=128, red=6.4%, concentration=100%)",6.40,128
00247.jpg,val,"LAB relative redness (median_a=126, red=8.8%, concentration=100%)",8.83,126
00252.jpg,train,"LAB relative redness (median_a=129, red=35.1%, concentration=100%)",35.08,129
00254.jpg,train,"LAB relative redness (median_a=125, red=8.5%, concentration=100%)",8.54,125
00255.jpg,train,"LAB relative redness (median_a=126, red=7.8%, concentration=100%)",7.85,126
00256.jpg,train,"LAB relative redness (median_a=128, red=7.2%, concentration=100%)",7.18,128
00257.jpg,train,"LAB relative redness (median_a=132, red=7.3%, concentration=100%)",7.32,132
00258.jpg,test,"LAB relative redness (median_a=127, red=8.4%, concentration=100%)",8.35,127
00261.jpg,val,"LAB relative redness (median_a=126, red=12.3%, concentration=100%)",12.32,126
00267.jpg,train,"LAB relative redness (median_a=128, red=36.4%, concentration=100%)",36.37,128
00268.jpg,val,"LAB relative redness (median_a=129, red=37.1%, concentration=100%)",37.07,129
00269.jpg,train,"LAB relative redness (median_a=127, red=6.8%, concentration=100%)",6.75,127
00270.jpg,train,"LAB relative redness (median_a=126, red=10.2%, concentration=100%)",10.16,126
00271.jpg,train,"LAB relative redness (median_a=130, red=12.8%, concentration=95%)",12.85,130
00272.jpg,train,"LAB relative redness (median_a=129, red=17.4%, concentration=100%)",17.40,129
00273.jpg,train,"LAB relative redness (median_a=128, red=3.0%, concentration=100%)",2.99,128
00276.jpg,train,"LAB relative redness (median_a=126, red=5.4%, concentration=100%)",5.37,126
00279.jpg,train,"LAB relative redness (median_a=127, red=6.9%, concentration=97%)",6.91,127
00280.jpg,val,"LAB relative redness (median_a=129, red=9.8%, concentration=100%)",9.80,129
00282.jpg,val,"LAB relative redness (median_a=126, red=5.0%, concentration=100%)",4.96,126
00284.jpg,train,"LAB relative redness (median_a=127, red=6.6%, concentration=100%)",6.59,127
00285.jpg,train,"LAB relative redness (median_a=127, red=8.5%, concentration=100%)",8.52,127
00289.jpg,train,"LAB relative redness (median_a=126, red=1.6%, concentration=100%)",1.62,126
00292.jpg,val,"LAB relative redness (median_a=125, red=7.1%, concentration=100%)",7.12,125
00295.jpg,train,"LAB relative redness (median_a=127, red=15.2%, concentration=100%)",15.20,127
00298.jpg,test,"LAB relative redness (median_a=126, red=8.3%, concentration=97%)",8.28,126
00301.jpg,train,"LAB relative redness (median_a=129, red=9.4%, concentration=97%)",9.41,129
00302.jpg,train,"LAB relative redness (median_a=129, red=12.3%, concentration=100%)",12.28,129
00304.jpg,train,"LAB relative redness (median_a=127, red=6.3%, concentration=100%)",6.29,127
00306.jpg,val,"LAB relative redness (median_a=131, red=15.7%, concentration=100%)",15.69,131
00314.jpg,train,"LAB relative redness (median_a=125, red=4.8%, concentration=100%)",4.79,125
00316.jpg,train,"LAB relative redness (median_a=128, red=5.4%, concentration=100%)",5.39,128
00317.jpg,train,"LAB relative redness (median_a=128, red=11.8%, concentration=100%)",11.81,128
00318.jpg,train,"LAB relative redness (median_a=129, red=11.7%, concentration=100%)",11.74,129
00319.jpg,train,"LAB relative redness (median_a=127, red=5.7%, concentration=100%)",5.74,127
00320.jpg,train,"LAB relative redness (median_a=125, red=7.6%, concentration=99%)",7.57,125
00321.jpg,train,"LAB relative redness (median_a=127, red=6.2%, concentration=100%)",6.17,127
00322.jpg,train,"LAB relative redness (median_a=129, red=10.8%, concentration=100%)",10.84,129
00323.jpg,train,"LAB relative redness (median_a=129, red=12.2%, concentration=100%)",12.15,129
00328.jpg,val,"LAB relative redness (median_a=126, red=5.8%, concentration=100%)",5.77,126
00330.jpg,train,"LAB relative redness (median_a=128, red=6.6%, concentration=100%)",6.56,128
00331.jpg,train,"LAB relative redness (median_a=128, red=6.5%, concentration=91%)",6.51,128
00333.jpg,val,"LAB relative redness (median_a=128, red=13.2%, concentration=100%)",13.18,128
00337.jpg,train,"LAB relative redness (median_a=125, red=7.5%, concentration=98%)",7.46,125
00338.jpg,train,"LAB relative redness (median_a=127, red=5.7%, concentration=100%)",5.75,127
00340.jpg,train,"LAB relative redness (median_a=128, red=9.4%, concentration=100%)",9.40,128
00343.jpg,train,"LAB relative redness (median_a=124, red=6.0%, concentration=100%)",5.97,124
00344.jpg,train,"LAB relative redness (median_a=131, red=6.2%, concentration=100%)",6.22,131
00345.jpg,train,"LAB relative redness (median_a=126, red=9.4%, concentration=99%)",9.43,126
00353.jpg,train,"LAB relative redness (median_a=128, red=9.1%, concentration=99%)",9.06,128
00355.jpg,train,"LAB relative redness (median_a=131, red=33.8%, concentration=100%)",33.83,131
00356.jpg,train,"LAB relative redness (median_a=127, red=7.3%, concentration=100%)",7.32,127
00365.jpg,train,"LAB relative redness (median_a=130, red=10.5%, concentration=100%)",10.49,130
00367.jpg,train,"LAB relative redness (median_a=128, red=4.4%, concentration=100%)",4.43,128
00370.jpg,train,"LAB relative redness (median_a=129, red=3.4%, concentration=100%)",3.37,129
00373.jpg,train,"LAB relative redness (median_a=129, red=9.6%, concentration=100%)",9.60,129
00375.jpg,train,"LAB relative redness (median_a=130, red=9.0%, concentration=100%)",9.03,130
00378.jpg,train,"LAB relative redness (median_a=129, red=7.7%, concentration=100%)",7.68,129
00379.jpg,test,"LAB relative redness (median_a=131, red=9.1%, concentration=100%)",9.06,131
00380.jpg,test,"LAB relative redness (median_a=130, red=9.5%, concentration=100%)",9.54,130
00381.jpg,train,"LAB relative redness (median_a=127, red=7.8%, concentration=100%)",7.79,127
00382.jpg,train,"LAB relative redness (median_a=127, red=8.7%, concentration=100%)",8.75,127
00387.jpg,train,"LAB relative redness (median_a=130, red=9.1%, concentration=100%)",9.12,130
00388.jpg,train,"LAB relative redness (median_a=129, red=11.4%, concentration=100%)",11.36,129
00389.jpg,train,"LAB relative redness (median_a=130, red=9.2%, concentration=100%)",9.15,130
00390.jpg,train,"LAB relative redness (median_a=127, red=13.1%, concentration=99%)",13.14,127
00391.jpg,train,"LAB relative redness (median_a=130, red=34.8%, concentration=99%)",34.78,130
00392.jpg,train,"LAB relative redness (median_a=130, red=15.2%, concentration=100%)",15.25,130
00395.jpg,train,"LAB relative redness (median_a=127, red=11.5%, concentration=100%)",11.46,127
00397.jpg,train,"LAB relative redness (median_a=130, red=8.8%, concentration=100%)",8.80,130
00400.jpg,train,"LAB relative redness (median_a=129, red=12.9%, concentration=99%)",12.86,129
00401.jpg,train,"LAB relative redness (median_a=127, red=10.1%, concentration=98%)",10.11,127
00404.jpg,train,"LAB relative redness (median_a=129, red=9.4%, concentration=100%)",9.36,129
00405.jpg,train,"LAB relative redness (median_a=127, red=8.9%, concentration=100%)",8.92,127
00408.jpg,train,"LAB relative redness (median_a=127, red=7.3%, concentration=100%)",7.27,127
00409.jpg,test,"LAB relative redness (median_a=128, red=34.0%, concentration=100%)",34.04,128
00412.jpg,train,"LAB relative redness (median_a=128, red=9.4%, concentration=100%)",9.41,128
00413.jpg,train,"LAB relative redness (median_a=128, red=10.6%, concentration=100%)",10.61,128
00414.jpg,val,"LAB relative redness (median_a=139, red=8.3%, concentration=97%)",8.34,139
00416.jpg,val,"LAB relative redness (median_a=128, red=4.0%, concentration=100%)",4.03,128
00417.jpg,train,"LAB relative redness (median_a=127, red=7.5%, concentration=100%)",7.47,127
00418.jpg,train,"LAB relative redness (median_a=127, red=7.7%, concentration=100%)",7.74,127
00420.jpg,train,"LAB relative redness (median_a=129, red=8.5%, concentration=100%)",8.54,129
00421.jpg,train,"LAB relative redness (median_a=129, red=12.6%, concentration=97%)",12.55,129
00424.jpg,train,"LAB relative redness (median_a=127, red=6.1%, concentration=100%)",6.08,127
00425.jpg,test,"LAB relative redness (median_a=129, red=13.0%, concentration=100%)",13.01,129
00427.jpg,test,"LAB relative redness (median_a=128, red=12.0%, concentration=100%)",11.99,128
00428.jpg,train,"LAB relative redness (median_a=130, red=10.8%, concentration=100%)",10.79,130
00429.jpg,train,"LAB relative redness (median_a=130, red=11.7%, concentration=100%)",11.74,130
00432.jpg,train,"LAB relative redness (median_a=128, red=11.0%, concentration=100%)",10.99,128
00437.jpg,test,"LAB relative redness (median_a=127, red=5.0%, concentration=100%)",5.04,127
00441.jpg,train,"LAB relative redness (median_a=127, red=12.0%, concentration=100%)",11.99,127
00442.jpg,train,"LAB relative redness (median_a=127, red=5.3%, concentration=100%)",5.32,127
00444.jpg,test,"LAB relative redness (median_a=127, red=7.2%, concentration=100%)",7.18,127
00449.jpg,train,"LAB relative redness (median_a=128, red=7.6%, concentration=100%)",7.58,128
00452.jpg,val,"LAB relative redness (median_a=128, red=3.9%, concentration=100%)",3.91,128
00454.jpg,train,"LAB relative redness (median_a=126, red=7.3%, concentration=100%)",7.35,126
00455.jpg,train,"LAB relative redness (median_a=130, red=11.0%, concentration=100%)",10.96,130
00456.jpg,train,"LAB relative redness (median_a=126, red=10.5%, concentration=100%)",10.54,126
00458.jpg,train,"LAB relative redness (median_a=125, red=5.8%, concentration=100%)",5.79,125
00460.jpg,train,"LAB relative redness (median_a=128, red=8.9%, concentration=100%)",8.92,128
00461.jpg,val,"LAB relative redness (median_a=127, red=7.1%, concentration=100%)",7.13,127
00462.jpg,train,"LAB relative redness (median_a=129, red=9.0%, concentration=100%)",9.01,129
00464.jpg,train,"LAB relative redness (median_a=129, red=10.0%, concentration=100%)",10.01,129
00466.jpg,train,"LAB relative redness (median_a=125, red=13.3%, concentration=100%)",13.32,125
00467.jpg,train,"LAB relative redness (median_a=126, red=7.3%, concentration=100%)",7.33,126
00469.jpg,train,"LAB relative redness (median_a=128, red=15.0%, concentration=99%)",14.95,128
00470.jpg,train,"LAB relative redness (median_a=127, red=5.6%, concentration=100%)",5.56,127
00472.jpg,train,"LAB relative redness (median_a=129, red=8.8%, concentration=100%)",8.80,129
00473.jpg,train,"LAB relative redness (median_a=129, red=8.2%, concentration=100%)",8.21,129
00478.jpg,train,"LAB relative redness (median_a=128, red=5.1%, concentration=100%)",5.14,128
00479.jpg,val,"LAB relative redness (median_a=128, red=2.2%, concentration=100%)",2.21,128
00482.jpg,train,"LAB relative redness (median_a=128, red=6.2%, concentration=100%)",6.23,128
00483.jpg,train,"LAB relative redness (median_a=129, red=13.7%, concentration=100%)",13.72,129
00485.jpg,train,"LAB relative redness (median_a=128, red=7.0%, concentration=100%)",6.97,128
00490.jpg,train,"LAB relative redness (median_a=128, red=36.4%, concentration=100%)",36.41,128
00492.jpg,train,"LAB relative redness (median_a=128, red=35.4%, concentration=100%)",35.41,128
00497.jpg,val,"LAB relative redness (median_a=128, red=3.8%, concentration=100%)",3.83,128
00499.jpg,train,"LAB relative redness (median_a=127, red=6.3%, concentration=100%)",6.34,127
00500.jpg,test,"LAB relative redness (median_a=128, red=6.8%, concentration=100%)",6.77,128
00504.jpg,test,"LAB relative redness (median_a=129, red=10.9%, concentration=100%)",10.86,129
00506.jpg,train,"LAB relative redness (median_a=128, red=35.2%, concentration=100%)",35.23,128
00507.jpg,val,"LAB relative redness (median_a=128, red=8.7%, concentration=100%)",8.74,128
00511.jpg,train,"LAB relative redness (median_a=129, red=6.5%, concentration=100%)",6.53,129
00512.jpg,train,"LAB relative redness (median_a=127, red=7.0%, concentration=100%)",6.98,127
00514.jpg,train,"LAB relative redness (median_a=128, red=4.8%, concentration=100%)",4.77,128
00517.jpg,train,"LAB relative redness (median_a=128, red=8.6%, concentration=100%)",8.56,128
00518.jpg,train,"LAB relative redness (median_a=127, red=9.8%, concentration=100%)",9.75,127
00520.jpg,train,"LAB relative redness (median_a=129, red=5.4%, concentration=100%)",5.43,129
00522.jpg,train,"LAB relative redness (median_a=132, red=7.6%, concentration=99%)",7.61,132
00523.jpg,train,"LAB relative redness (median_a=130, red=13.2%, concentration=100%)",13.24,130
00524.jpg,test,"LAB relative redness (median_a=128, red=13.7%, concentration=100%)",13.72,128
00525.jpg,test,"LAB relative redness (median_a=128, red=35.6%, concentration=100%)",35.63,128
00526.jpg,train,"LAB relative redness (median_a=129, red=10.0%, concentration=100%)",10.01,129
00529.jpg,val,"LAB relative redness (median_a=132, red=14.3%, concentration=100%)",14.25,132
00531.jpg,train,"LAB relative redness (median_a=128, red=11.3%, concentration=100%)",11.32,128
00532.jpg,train,"LAB relative redness (median_a=129, red=8.5%, concentration=100%)",8.53,129
00533.jpg,train,"LAB relative redness (median_a=128, red=7.7%, concentration=100%)",7.75,128
00534.jpg,train,"LAB relative redness (median_a=128, red=6.0%, concentration=100%)",5.98,128
00535.jpg,train,"LAB relative redness (median_a=127, red=35.2%, concentration=100%)",35.19,127
00536.jpg,train,"LAB relative redness (median_a=128, red=37.8%, concentration=100%)",37.83,128
00541.jpg,train,"LAB relative redness (median_a=125, red=5.1%, concentration=100%)",5.08,125
00542.jpg,train,"LAB relative redness (median_a=129, red=10.5%, concentration=100%)",10.47,129
00543.jpg,val,"LAB relative redness (median_a=129, red=11.0%, concentration=100%)",11.02,129
00544.jpg,train,"LAB relative redness (median_a=129, red=13.2%, concentration=100%)",13.17,129
00546.jpg,train,"LAB relative redness (median_a=128, red=10.8%, concentration=100%)",10.75,128
00549.jpg,train,"LAB relative redness (median_a=130, red=10.9%, concentration=100%)",10.93,130
00551.jpg,val,"LAB relative redness (median_a=128, red=8.4%, concentration=100%)",8.42,128
00570.jpg,train,"LAB relative redness (median_a=127, red=7.0%, concentration=100%)",7.02,127
00572.jpg,train,"LAB relative redness (median_a=128, red=6.1%, concentration=100%)",6.11,128
00584.jpg,train,"LAB relative redness (median_a=127, red=6.3%, concentration=100%)",6.28,127
00585.jpg,train,"LAB relative redness (median_a=129, red=9.1%, concentration=100%)",9.11,129
00588.jpg,val,"LAB relative redness (median_a=129, red=10.0%, concentration=100%)",9.98,129
00590.jpg,train,"LAB relative redness (median_a=128, red=13.4%, concentration=100%)",13.38,128
00592.jpg,train,"LAB relative redness (median_a=130, red=13.0%, concentration=100%)",12.98,130
00598.jpg,train,"LAB relative redness (median_a=129, red=6.6%, concentration=100%)",6.64,129
00601.jpg,train,"LAB relative redness (median_a=127, red=4.7%, concentration=100%)",4.67,127
00607.jpg,train,"LAB relative redness (median_a=127, red=9.1%, concentration=100%)",9.14,127
00612.jpg,test,"LAB relative redness (median_a=129, red=6.6%, concentration=100%)",6.56,129
00613.jpg,train,"LAB relative redness (median_a=130, red=8.1%, concentration=100%)",8.15,130
00617.jpg,test,"LAB relative redness (median_a=123, red=5.5%, concentration=98%)",5.52,123
00622.jpg,train,"LAB relative redness (median_a=126, red=11.7%, concentration=100%)",11.73,126
00625.jpg,test,"LAB relative redness (median_a=127, red=8.0%, concentration=100%)",8.05,127
00631.jpg,train,"LAB relative redness (median_a=128, red=7.4%, concentration=100%)",7.43,128
00632.jpg,train,"LAB relative redness (median_a=130, red=14.0%, concentration=100%)",13.98,130
00636.jpg,train,"LAB relative redness (median_a=129, red=17.2%, concentration=98%)",17.16,129
00657.jpg,train,"LAB relative redness (median_a=130, red=16.4%, concentration=100%)",16.38,130
00661.jpg,train,"LAB relative redness (median_a=130, red=9.1%, concentration=100%)",9.14,130
00662.jpg,train,"LAB relative redness (median_a=132, red=14.2%, concentration=100%)",14.16,132
00663.jpg,train,"LAB relative redness (median_a=128, red=7.8%, concentration=100%)",7.82,128
00667.jpg,train,"LAB relative redness (median_a=130, red=14.7%, concentration=100%)",14.66,130
00669.jpg,train,"LAB relative redness (median_a=130, red=8.3%, concentration=100%)",8.26,130
00671.jpg,train,"LAB relative redness (median_a=130, red=12.3%, concentration=99%)",12.33,130
00672.jpg,train,"LAB relative redness (median_a=130, red=8.0%, concentration=99%)",7.95,130
00675.jpg,train,"LAB relative redness (median_a=130, red=15.8%, concentration=100%)",15.79,130
00683.jpg,train,"LAB relative redness (median_a=129, red=15.5%, concentration=100%)",15.50,129
00684.jpg,test,"LAB relative redness (median_a=128, red=8.7%, concentration=100%)",8.69,128
00687.jpg,train,"LAB relative redness (median_a=130, red=7.8%, concentration=100%)",7.79,130
00688.jpg,train,"LAB relative redness (median_a=128, red=35.3%, concentration=100%)",35.25,128
00691.jpg,train,"LAB relative redness (median_a=127, red=7.6%, concentration=100%)",7.56,127
00694.jpg,train,"LAB relative redness (median_a=127, red=8.7%, concentration=100%)",8.69,127
00704.jpg,train,"LAB relative redness (median_a=128, red=6.5%, concentration=100%)",6.54,128
00705.jpg,train,"LAB relative redness (median_a=130, red=9.0%, concentration=100%)",9.02,130
00710.jpg,train,"LAB relative redness (median_a=131, red=6.0%, concentration=100%)",6.00,131
00713.jpg,train,"LAB relative redness (median_a=130, red=9.2%, concentration=98%)",9.23,130
00720.jpg,train,"LAB relative redness (median_a=128, red=34.3%, concentration=100%)",34.32,128
00721.jpg,test,"LAB relative redness (median_a=128, red=36.0%, concentration=100%)",35.98,128
00722.jpg,test,"LAB relative redness (median_a=128, red=8.3%, concentration=100%)",8.27,128
00726.jpg,train,"LAB relative redness (median_a=127, red=11.3%, concentration=100%)",11.33,127
00730.jpg,train,"LAB relative redness (median_a=127, red=11.2%, concentration=100%)",11.21,127
00733.jpg,train,"LAB relative redness (median_a=130, red=36.9%, concentration=99%)",36.87,130
00735.jpg,train,"LAB relative redness (median_a=126, red=6.1%, concentration=100%)",6.12,126
00737.jpg,test,"LAB relative redness (median_a=130, red=14.1%, concentration=100%)",14.06,130
00741.jpg,test,"LAB relative redness (median_a=128, red=5.9%, concentration=100%)",5.88,128
00750.jpg,train,"LAB relative redness (median_a=129, red=13.7%, concentration=100%)",13.73,129
00752.jpg,train,"LAB relative redness (median_a=130, red=11.0%, concentration=100%)",10.97,130
00753.jpg,train,"LAB relative redness (median_a=127, red=11.0%, concentration=100%)",11.01,127
00755.jpg,val,"LAB relative redness (median_a=127, red=35.2%, concentration=100%)",35.21,127
00757.jpg,train,"LAB relative redness (median_a=126, red=4.6%, concentration=100%)",4.58,126
00763.jpg,train,"LAB relative redness (median_a=128, red=35.0%, concentration=100%)",34.95,128
00764.jpg,test,"LAB relative redness (median_a=129, red=36.8%, concentration=100%)",36.76,129
00765.jpg,train,"LAB relative redness (median_a=127, red=6.7%, concentration=0%)",6.73,127
00769.jpg,train,"LAB relative redness (median_a=126, red=7.4%, concentration=100%)",7.36,126
00770.jpg,train,"LAB relative redness (median_a=126, red=7.2%, concentration=100%)",7.18,126
00772.jpg,train,"LAB relative redness (median_a=124, red=6.4%, concentration=100%)",6.38,124
00773.jpg,train,"LAB relative redness (median_a=129, red=13.6%, concentration=100%)",13.57,129
00777.jpg,val,"LAB relative redness (median_a=128, red=7.9%, concentration=100%)",7.87,128
00784.jpg,train,"LAB relative redness (median_a=129, red=6.3%, concentration=99%)",6.29,129
00785.jpg,train,"LAB relative redness (median_a=127, red=4.4%, concentration=99%)",4.40,127
00786.jpg,train,"LAB relative redness (median_a=126, red=5.9%, concentration=100%)",5.89,126
00790.jpg,train,"LAB relative redness (median_a=128, red=6.2%, concentration=83%)",6.17,128
00797.jpg,train,"LAB relative redness (median_a=127, red=9.2%, concentration=100%)",9.15,127
00803.jpg,val,"LAB relative redness (median_a=127, red=12.4%, concentration=100%)",12.44,127
00813.jpg,test,"LAB relative redness (median_a=128, red=7.7%, concentration=100%)",7.71,128
00831.jpg,test,"LAB relative redness (median_a=130, red=10.1%, concentration=100%)",10.12,130
00836.jpg,val,"LAB relative redness (median_a=127, red=9.6%, concentration=100%)",9.56,127
00841.jpg,train,"LAB relative redness (median_a=128, red=9.3%, concentration=100%)",9.29,128
00847.jpg,train,"LAB relative redness (median_a=125, red=7.6%, concentration=100%)",7.61,125
00849.jpg,train,"LAB relative redness (median_a=127, red=9.8%, concentration=100%)",9.84,127
00853.jpg,train,"LAB relative redness (median_a=128, red=7.2%, concentration=100%)",7.16,128
00859.jpg,train,"LAB relative redness (median_a=124, red=14.6%, concentration=100%)",14.64,124
00875.jpg,val,"LAB relative redness (median_a=126, red=5.4%, concentration=100%)",5.43,126
00878.jpg,train,"LAB relative redness (median_a=129, red=8.4%, concentration=100%)",8.35,129
00888.jpg,train,"LAB relative redness (median_a=127, red=7.5%, concentration=100%)",7.49,127
00893.jpg,test,"LAB relative redness (median_a=125, red=5.3%, concentration=100%)",5.29,125
00895.jpg,train,"LAB relative redness (median_a=125, red=2.5%, concentration=100%)",2.53,125
00899.jpg,train,"LAB relative redness (median_a=129, red=9.2%, concentration=100%)",9.25,129
00907.jpg,train,"LAB relative redness (median_a=128, red=7.8%, concentration=100%)",7.77,128
00913.jpg,train,"LAB relative redness (median_a=126, red=7.9%, concentration=100%)",7.93,126
00915.jpg,train,"LAB relative redness (median_a=128, red=37.9%, concentration=100%)",37.92,128
00919.jpg,train,"LAB relative redness (median_a=127, red=7.4%, concentration=100%)",7.43,127
00922.jpg,train,"LAB relative redness (median_a=129, red=16.1%, concentration=94%)",16.14,129
00942.jpg,test,"LAB relative redness (median_a=128, red=4.0%, concentration=100%)",4.02,128
00945.jpg,train,"LAB relative redness (median_a=127, red=12.0%, concentration=100%)",11.98,127
00947.jpg,train,"LAB relative redness (median_a=129, red=10.1%, concentration=100%)",10.08,129
00954.jpg,train,"LAB relative redness (median_a=126, red=5.2%, concentration=100%)",5.18,126
00964.jpg,train,"LAB relative redness (median_a=125, red=11.4%, concentration=100%)",11.37,125
00970.jpg,train,"LAB relative redness (median_a=127, red=6.7%, concentration=100%)",6.68,127
00972.jpg,val,"LAB relative redness (median_a=127, red=7.2%, concentration=100%)",7.21,127
00973.jpg,train,"LAB relative redness (median_a=122, red=1.9%, concentration=100%)",1.92,122
00974.jpg,train,"LAB relative redness (median_a=126, red=3.7%, concentration=100%)",3.67,126
00976.jpg,train,"LAB relative redness (median_a=127, red=8.8%, concentration=100%)",8.79,127
00980.jpg,val,"LAB relative redness (median_a=128, red=6.0%, concentration=100%)",6.01,128
00981.jpg,train,"LAB relative redness (median_a=126, red=3.5%, concentration=100%)",3.50,126
00983.jpg,val,"LAB relative redness (median_a=126, red=5.4%, concentration=100%)",5.36,126
01003.jpg,train,"LAB relative redness (median_a=128, red=14.3%, concentration=99%)",14.34,128
01005.jpg,train,"LAB relative redness (median_a=130, red=36.7%, concentration=100%)",36.68,130
01020.jpg,train,"LAB relative redness (median_a=126, red=10.1%, concentration=100%)",10.06,126
01039.jpg,train,"LAB relative redness (median_a=125, red=2.6%, concentration=100%)",2.60,125
01045.jpg,train,"LAB relative redness (median_a=129, red=3.2%, concentration=100%)",3.16,129
01048.jpg,train,"LAB relative redness (median_a=129, red=8.2%, concentration=100%)",8.17,129
01049.jpg,train,"LAB relative redness (median_a=126, red=6.1%, concentration=100%)",6.12,126
01051.jpg,train,"LAB relative redness (median_a=127, red=11.1%, concentration=100%)",11.14,127
01054.jpg,train,"LAB relative redness (median_a=128, red=5.2%, concentration=100%)",5.19,128
01068.jpg,train,"LAB relative redness (median_a=127, red=2.4%, concentration=100%)",2.45,127
01069.jpg,val,"LAB relative redness (median_a=128, red=5.9%, concentration=100%)",5.87,128
01071.jpg,train,"LAB relative redness (median_a=131, red=12.3%, concentration=99%)",12.33,131
01072.jpg,train,"LAB relative redness (median_a=132, red=11.6%, concentration=74%)",11.60,132
01077.jpg,train,"LAB relative redness (median_a=125, red=2.7%, concentration=100%)",2.67,125
01088.jpg,train,"LAB relative redness (median_a=127, red=4.8%, concentration=100%)",4.79,127
01090.jpg,train,"LAB relative redness (median_a=128, red=8.9%, concentration=100%)",8.93,128
01095.jpg,train,"LAB relative redness (median_a=127, red=3.5%, concentration=100%)",3.45,127
01097.jpg,train,"LAB relative redness (median_a=130, red=7.8%, concentration=100%)",7.80,130
01102.jpg,train,"LAB relative redness (median_a=128, red=8.9%, concentration=100%)",8.93,128
01104.jpg,train,"LAB relative redness (median_a=127, red=4.7%, concentration=100%)",4.72,127
01111.jpg,train,"LAB relative redness (median_a=129, red=7.6%, concentration=100%)",7.57,129
01113.jpg,train,"LAB relative redness (median_a=128, red=7.4%, concentration=100%)",7.42,128
01115.jpg,val,"LAB relative redness (median_a=127, red=2.6%, concentration=100%)",2.60,127
01126.jpg,train,"LAB relative redness (median_a=127, red=38.0%, concentration=100%)",38.01,127
01129.jpg,train,"LAB relative redness (median_a=129, red=9.2%, concentration=100%)",9.21,129
01143.jpg,train,"LAB relative redness (median_a=127, red=3.3%, concentration=100%)",3.31,127
01176.jpg,train,"LAB relative redness (median_a=126, red=6.5%, concentration=100%)",6.52,126
01178.jpg,train,"LAB relative redness (median_a=129, red=11.8%, concentration=100%)",11.77,129
01183.jpg,train,"LAB relative redness (median_a=131, red=33.0%, concentration=100%)",32.96,131
01189.jpg,train,"LAB relative redness (median_a=125, red=4.9%, concentration=100%)",4.90,125
01191.jpg,train,"LAB relative redness (median_a=127, red=8.4%, concentration=100%)",8.44,127
01192.jpg,train,"LAB relative redness (median_a=127, red=10.3%, concentration=100%)",10.29,127
01196.jpg,train,"LAB relative redness (median_a=129, red=8.8%, concentration=97%)",8.85,129
01198.jpg,train,"LAB relative redness (median_a=129, red=7.7%, concentration=94%)",7.67,129
01211.jpg,train,"LAB relative redness (median_a=127, red=9.1%, concentration=100%)",9.05,127
01213.jpg,train,"LAB relative redness (median_a=127, red=17.1%, concentration=100%)",17.07,127
01221.jpg,train,"LAB relative redness (median_a=128, red=9.2%, concentration=100%)",9.21,128
01224.jpg,test,"LAB relative redness (median_a=127, red=5.7%, concentration=100%)",5.69,127
01227.jpg,train,"LAB relative redness (median_a=131, red=34.8%, concentration=100%)",34.81,131
01229.jpg,test,"LAB relative redness (median_a=128, red=4.3%, concentration=100%)",4.31,128
01231.jpg,test,"LAB relative redness (median_a=127, red=4.3%, concentration=100%)",4.25,127
01236.jpg,train,"LAB relative redness (median_a=128, red=8.8%, concentration=100%)",8.84,128
01244.jpg,test,"LAB relative redness (median_a=127, red=7.2%, concentration=100%)",7.15,127
01245.jpg,train,"LAB relative redness (median_a=128, red=6.8%, concentration=100%)",6.84,128
01246.jpg,train,"LAB relative redness (median_a=128, red=14.7%, concentration=99%)",14.71,128
01248.jpg,train,"LAB relative redness (median_a=127, red=4.7%, concentration=100%)",4.71,127
01252.jpg,val,"LAB relative redness (median_a=125, red=1.5%, concentration=100%)",1.51,125
01255.jpg,train,"LAB relative redness (median_a=128, red=0.8%, concentration=100%)",0.83,128
01260.jpg,train,"LAB relative redness (median_a=126, red=4.1%, concentration=100%)",4.12,126
01273.jpg,train,"LAB relative redness (median_a=128, red=10.1%, concentration=100%)",10.10,128
01274.jpg,train,"LAB relative redness (median_a=128, red=3.8%, concentration=100%)",3.78,128
01275.jpg,train,"LAB relative redness (median_a=128, red=7.9%, concentration=100%)",7.94,128
01277.jpg,train,"LAB relative redness (median_a=128, red=5.2%, concentration=100%)",5.21,128
01278.jpg,train,"LAB relative redness (median_a=128, red=14.7%, concentration=100%)",14.73,128
01279.jpg,train,"LAB relative redness (median_a=127, red=6.2%, concentration=100%)",6.17,127
01281.jpg,train,"LAB relative redness (median_a=128, red=1.0%, concentration=100%)",1.00,128
01282.jpg,val,"LAB relative redness (median_a=128, red=3.7%, concentration=100%)",3.69,128
01283.jpg,train,"LAB relative redness (median_a=124, red=9.6%, concentration=100%)",9.61,124
01288.jpg,train,"LAB relative redness (median_a=128, red=7.9%, concentration=100%)",7.86,128
01293.jpg,train,"LAB relative redness (median_a=128, red=0.1%, concentration=100%)",0.07,128
01294.jpg,train,"LAB relative redness (median_a=126, red=11.3%, concentration=100%)",11.32,126
01295.jpg,val,"LAB relative redness (median_a=125, red=6.7%, concentration=100%)",6.69,125
01297.jpg,train,"LAB relative redness (median_a=126, red=4.6%, concentration=100%)",4.62,126
01298.jpg,val,"LAB relative redness (median_a=125, red=7.8%, concentration=99%)",7.76,125
01299.jpg,train,"LAB relative redness (median_a=125, red=9.8%, concentration=100%)",9.75,125
01300.jpg,val,"LAB relative redness (median_a=128, red=36.0%, concentration=100%)",36.00,128
01302.jpg,train,"LAB relative redness (median_a=127, red=11.3%, concentration=97%)",11.32,127
01304.jpg,train,"LAB relative redness (median_a=127, red=31.1%, concentration=100%)",31.06,127
01312.jpg,val,"LAB relative redness (median_a=126, red=5.2%, concentration=100%)",5.16,126
01322.jpg,train,"LAB relative redness (median_a=127, red=3.0%, concentration=100%)",2.96,127
01327.jpg,train,"LAB relative redness (median_a=129, red=9.6%, concentration=100%)",9.56,129
01329.jpg,train,"LAB relative redness (median_a=128, red=12.6%, concentration=100%)",12.58,128
01336.jpg,train,"LAB relative redness (median_a=127, red=2.8%, concentration=100%)",2.82,127
01338.jpg,train,"LAB relative redness (median_a=127, red=3.7%, concentration=100%)",3.70,127
01345.jpg,train,"LAB relative redness (median_a=125, red=5.9%, concentration=100%)",5.85,125
01348.jpg,train,"LAB relative redness (median_a=128, red=8.7%, concentration=94%)",8.72,128
01353.jpg,val,"LAB relative redness (median_a=127, red=4.1%, concentration=100%)",4.07,127
01369.jpg,train,"LAB relative redness (median_a=125, red=2.0%, concentration=100%)",1.97,125
01370.jpg,train,"LAB relative redness (median_a=127, red=8.1%, concentration=100%)",8.08,127
01375.jpg,train,"LAB relative redness (median_a=126, red=5.1%, concentration=100%)",5.06,126
01379.jpg,train,"LAB relative redness (median_a=126, red=10.0%, concentration=100%)",10.04,126
01380.jpg,train,"LAB relative redness (median_a=125, red=9.3%, concentration=100%)",9.33,125
01382.jpg,train,"LAB relative redness (median_a=128, red=6.3%, concentration=100%)",6.33,128
01383.jpg,train,"LAB relative redness (median_a=126, red=6.5%, concentration=100%)",6.47,126
01384.jpg,train,"LAB relative redness (median_a=128, red=10.2%, concentration=100%)",10.17,128
01385.jpg,train,"LAB relative redness (median_a=127, red=4.7%, concentration=100%)",4.72,127
01387.jpg,train,"LAB relative redness (median_a=125, red=3.3%, concentration=100%)",3.34,125
01388.jpg,train,"LAB relative redness (median_a=125, red=4.0%, concentration=100%)",3.97,125
01389.jpg,train,"LAB relative redness (median_a=125, red=3.7%, concentration=100%)",3.74,125
01393.jpg,train,"LAB relative redness (median_a=127, red=2.3%, concentration=100%)",2.28,127
01394.jpg,train,"LAB relative redness (median_a=126, red=5.6%, concentration=100%)",5.58,126
01395.jpg,train,"LAB relative redness (median_a=128, red=2.1%, concentration=100%)",2.08,128
01396.jpg,train,"LAB relative redness (median_a=126, red=3.8%, concentration=100%)",3.78,126
01405.jpg,train,"LAB relative redness (median_a=128, red=12.9%, concentration=100%)",12.92,128
01413.jpg,train,"LAB relative redness (median_a=125, red=3.6%, concentration=100%)",3.61,125
01414.jpg,train,"LAB relative redness (median_a=127, red=0.1%, concentration=100%)",0.15,127
01421.jpg,train,"LAB relative redness (median_a=126, red=1.9%, concentration=100%)",1.95,126
01423.jpg,train,"LAB relative redness (median_a=129, red=9.9%, concentration=100%)",9.89,129
01424.jpg,train,"LAB relative redness (median_a=127, red=9.0%, concentration=100%)",8.96,127
01427.jpg,train,"LAB relative redness (median_a=128, red=15.8%, concentration=100%)",15.78,128
01435.jpg,test,"LAB relative redness (median_a=127, red=2.9%, concentration=100%)",2.91,127
01440.jpg,train,"LAB relative redness (median_a=128, red=14.6%, concentration=100%)",14.55,128
01447.jpg,train,"LAB relative redness (median_a=128, red=8.0%, concentration=100%)",7.98,128
01450.jpg,train,"LAB relative redness (median_a=128, red=6.3%, concentration=100%)",6.27,128
01454.jpg,train,"LAB relative redness (median_a=128, red=34.3%, concentration=100%)",34.35,128
01463.jpg,train,"LAB relative redness (median_a=126, red=5.4%, concentration=100%)",5.41,126
01464.jpg,train,"LAB relative redness (median_a=126, red=5.0%, concentration=100%)",5.02,126
01465.jpg,train,"LAB relative redness (median_a=127, red=6.2%, concentration=100%)",6.21,127
01466.jpg,train,"LAB relative redness (median_a=127, red=6.3%, concentration=100%)",6.27,127
01467.jpg,train,"LAB relative redness (median_a=127, red=4.6%, concentration=100%)",4.65,127
01473.jpg,train,"LAB relative redness (median_a=127, red=0.7%, concentration=100%)",0.75,127
01474.jpg,train,"LAB relative redness (median_a=128, red=9.1%, concentration=100%)",9.08,128
01477.jpg,val,"LAB relative redness (median_a=127, red=1.8%, concentration=100%)",1.76,127
01493.jpg,train,"LAB relative redness (median_a=127, red=5.1%, concentration=100%)",5.05,127
01494.jpg,train,"LAB relative redness (median_a=128, red=6.4%, concentration=100%)",6.38,128
01509.jpg,train,"LAB relative redness (median_a=130, red=4.5%, concentration=100%)",4.48,130
01521.jpg,train,"LAB relative redness (median_a=126, red=32.6%, concentration=100%)",32.59,126
01537.jpg,train,"LAB relative redness (median_a=128, red=40.6%, concentration=97%)",40.61,128
01541.jpg,val,"LAB relative redness (median_a=129, red=13.6%, concentration=88%)",13.58,129
01570.jpg,train,"LAB relative redness (median_a=127, red=3.7%, concentration=100%)",3.70,127
01580.jpg,train,"LAB relative redness (median_a=125, red=10.0%, concentration=100%)",9.95,125
01584.jpg,train,"LAB relative redness (median_a=128, red=10.0%, concentration=100%)",10.03,128
01600.jpg,train,"LAB relative redness (median_a=126, red=7.3%, concentration=100%)",7.30,126
01606.jpg,train,"LAB relative redness (median_a=125, red=7.5%, concentration=100%)",7.47,125
01709.jpg,train,"LAB relative redness (median_a=128, red=5.7%, concentration=100%)",5.71,128
01729.jpg,train,"LAB relative redness (median_a=128, red=36.9%, concentration=100%)",36.87,128
01759.jpg,train,"LAB relative redness (median_a=129, red=8.9%, concentration=100%)",8.91,129
01767.jpg,train,"LAB relative redness (median_a=129, red=9.1%, concentration=100%)",9.07,129
01770.jpg,train,"LAB relative redness (median_a=126, red=5.6%, concentration=100%)",5.56,126
01778.jpg,test,"LAB relative redness (median_a=126, red=1.7%, concentration=100%)",1.66,126
01783.jpg,train,"LAB relative redness (median_a=128, red=35.1%, concentration=100%)",35.15,128
01813.jpg,val,"LAB relative redness (median_a=125, red=4.9%, concentration=100%)",4.89,125
01823.jpg,train,"LAB relative redness (median_a=126, red=7.5%, concentration=100%)",7.47,126
01844.jpg,train,"LAB relative redness (median_a=132, red=32.6%, concentration=100%)",32.56,132
01860.jpg,val,"LAB relative redness (median_a=126, red=4.4%, concentration=100%)",4.44,126
01872.jpg,train,"LAB relative redness (median_a=123, red=6.7%, concentration=100%)",6.68,123
01873.jpg,train,"LAB relative redness (median_a=120, red=8.4%, concentration=100%)",8.39,120
01874.jpg,train,"LAB relative redness (median_a=127, red=10.5%, concentration=95%)",10.51,127
01875.jpg,train,"LAB relative redness (median_a=125, red=0.3%, concentration=100%)",0.26,125
01883.jpg,train,"LAB relative redness (median_a=128, red=8.2%, concentration=100%)",8.18,128
01918.jpg,test,"LAB relative redness (median_a=129, red=18.2%, concentration=97%)",18.17,129
01921.jpg,val,"LAB relative redness (median_a=127, red=5.1%, concentration=100%)",5.14,127
01924.jpg,train,"LAB relative redness (median_a=128, red=12.0%, concentration=100%)",11.97,128
01925.jpg,test,"LAB relative redness (median_a=129, red=13.4%, concentration=100%)",13.38,129
01926.jpg,train,"LAB relative redness (median_a=128, red=10.0%, concentration=100%)",9.98,128
01936.jpg,val,"LAB relative redness (median_a=128, red=2.6%, concentration=100%)",2.64,128
01964.jpg,val,"LAB relative redness (median_a=128, red=4.0%, concentration=100%)",4.04,128
02002.jpg,train,"LAB relative redness (median_a=128, red=15.5%, concentration=100%)",15.54,128
02003.jpg,train,"LAB relative redness (median_a=124, red=5.8%, concentration=100%)",5.83,124
02009.jpg,train,"LAB relative redness (median_a=125, red=3.6%, concentration=100%)",3.59,125
02011.jpg,test,"LAB relative redness (median_a=129, red=4.8%, concentration=100%)",4.84,129
02012.jpg,train,"LAB relative redness (median_a=129, red=4.7%, concentration=100%)",4.73,129
02032.jpg,train,"LAB relative redness (median_a=127, red=3.2%, concentration=100%)",3.25,127
02038.jpg,train,"LAB relative redness (median_a=128, red=5.1%, concentration=100%)",5.09,128
02042.jpg,train,"LAB relative redness (median_a=127, red=4.8%, concentration=100%)",4.75,127
02044.jpg,train,"LAB relative redness (median_a=125, red=6.3%, concentration=100%)",6.33,125
02050.jpg,train,"LAB relative redness (median_a=126, red=8.3%, concentration=100%)",8.32,126
02055.jpg,train,"LAB relative redness (median_a=125, red=3.3%, concentration=100%)",3.30,125
02056.jpg,train,"LAB relative redness (median_a=126, red=13.2%, concentration=100%)",13.19,126
02061.jpg,train,"LAB relative redness (median_a=124, red=1.2%, concentration=100%)",1.17,124
02079.jpg,train,"LAB relative redness (median_a=127, red=10.6%, concentration=100%)",10.64,127
02083.jpg,train,"LAB relative redness (median_a=133, red=7.1%, concentration=100%)",7.06,133
02113.jpg,train,"LAB relative redness (median_a=127, red=0.9%, concentration=100%)",0.93,127
02119.jpg,train,"LAB relative redness (median_a=127, red=4.7%, concentration=100%)",4.70,127
02122.jpg,train,"LAB relative redness (median_a=127, red=5.0%, concentration=100%)",5.02,127
02123.jpg,train,"LAB relative redness (median_a=125, red=9.2%, concentration=99%)",9.20,125
02124.jpg,train,"LAB relative redness (median_a=129, red=5.3%, concentration=100%)",5.32,129
02127.jpg,train,"LAB relative redness (median_a=128, red=3.8%, concentration=100%)",3.81,128
02128.jpg,test,"LAB relative redness (median_a=128, red=7.6%, concentration=100%)",7.63,128
02135.jpg,train,"LAB relative redness (median_a=125, red=6.4%, concentration=100%)",6.36,125
02146.jpg,train,"LAB relative redness (median_a=127, red=9.2%, concentration=97%)",9.17,127
02151.jpg,train,"LAB relative redness (median_a=126, red=7.3%, concentration=100%)",7.34,126
02163.jpg,train,"LAB relative redness (median_a=128, red=3.6%, concentration=100%)",3.58,128
02165.jpg,train,"LAB relative redness (median_a=126, red=2.8%, concentration=100%)",2.77,126
02190.jpg,train,"LAB relative redness (median_a=123, red=6.3%, concentration=100%)",6.26,123
02191.jpg,train,"LAB relative redness (median_a=124, red=10.5%, concentration=100%)",10.54,124
02205.jpg,train,"LAB relative redness (median_a=125, red=5.2%, concentration=100%)",5.23,125
02222.jpg,train,"LAB relative redness (median_a=125, red=0.6%, concentration=100%)",0.57,125
02240.jpg,train,"LAB relative redness (median_a=132, red=1.5%, concentration=97%)",1.46,132
02248.jpg,train,"LAB relative redness (median_a=131, red=38.2%, concentration=100%)",38.21,131
02253.jpg,train,"LAB relative redness (median_a=129, red=32.0%, concentration=100%)",31.98,129
02262.jpg,train,"LAB relative redness (median_a=128, red=8.1%, concentration=100%)",8.13,128
02272.jpg,train,"LAB relative redness (median_a=133, red=0.0%, concentration=0%)",0.00,133
02274.jpg,train,"LAB relative redness (median_a=127, red=7.3%, concentration=100%)",7.27,127
02276.jpg,train,"LAB relative redness (median_a=129, red=3.3%, concentration=100%)",3.32,129
02291.jpg,test,"LAB relative redness (median_a=127, red=1.6%, concentration=100%)",1.61,127
02296.jpg,train,"LAB relative redness (median_a=127, red=7.0%, concentration=100%)",7.03,127
02302.jpg,test,"LAB relative redness (median_a=125, red=6.5%, concentration=100%)",6.50,125
02303.jpg,train,"LAB relative redness (median_a=126, red=3.3%, concentration=100%)",3.31,126
02311.jpg,test,"LAB relative redness (median_a=127, red=6.6%, concentration=100%)",6.61,127
02316.jpg,test,"LAB relative redness (median_a=124, red=12.6%, concentration=100%)",12.64,124
02323.jpg,test,"LAB relative redness (median_a=127, red=26.5%, concentration=100%)",26.49,127
02324.jpg,train,"LAB relative redness (median_a=127, red=9.1%, concentration=100%)",9.10,127
02326.jpg,train,"LAB relative redness (median_a=128, red=9.7%, concentration=100%)",9.74,128
02330.jpg,train,"LAB relative redness (median_a=128, red=9.2%, concentration=100%)",9.19,128
02334.jpg,train,"LAB relative redness (median_a=127, red=14.1%, concentration=100%)",14.13,127
02337.jpg,train,"LAB relative redness (median_a=126, red=2.5%, concentration=100%)",2.52,126
02361.jpg,train,"LAB relative redness (median_a=130, red=32.2%, concentration=100%)",32.23,130
02387.jpg,test,"LAB relative redness (median_a=126, red=5.2%, concentration=100%)",5.22,126
02393.jpg,train,"LAB relative redness (median_a=129, red=6.9%, concentration=100%)",6.92,129
02406.jpg,train,"LAB relative redness (median_a=126, red=3.6%, concentration=100%)",3.58,126
02421.jpg,test,"LAB relative redness (median_a=127, red=4.8%, concentration=100%)",4.83,127
02441.jpg,train,"LAB relative redness (median_a=130, red=10.7%, concentration=100%)",10.71,130
02476.jpg,train,"LAB relative redness (median_a=131, red=35.4%, concentration=100%)",35.45,131
02505.jpg,train,"LAB relative redness (median_a=128, red=8.2%, concentration=100%)",8.24,128
02511.jpg,val,"LAB relative redness (median_a=128, red=11.4%, concentration=100%)",11.36,128
02517.jpg,train,"LAB relative redness (median_a=129, red=37.0%, concentration=100%)",37.03,129
02523.jpg,train,"LAB relative redness (median_a=128, red=9.2%, concentration=100%)",9.17,128
02524.jpg,train,"LAB relative redness (median_a=127, red=5.2%, concentration=100%)",5.23,127
02525.jpg,val,"LAB relative redness (median_a=128, red=7.1%, concentration=100%)",7.07,128
02526.jpg,test,"LAB relative redness (median_a=129, red=10.2%, concentration=100%)",10.24,129
02527.jpg,val,"LAB relative redness (median_a=128, red=6.6%, concentration=100%)",6.59,128
02528.jpg,val,"LAB relative redness (median_a=128, red=8.1%, concentration=100%)",8.10,128
02529.jpg,train,"LAB relative redness (median_a=126, red=9.3%, concentration=100%)",9.33,126
02534.jpg,train,"LAB relative redness (median_a=128, red=6.3%, concentration=100%)",6.25,128
02535.jpg,train,"LAB relative redness (median_a=128, red=12.0%, concentration=99%)",11.97,128
02537.jpg,train,"LAB relative redness (median_a=128, red=6.0%, concentration=100%)",6.04,128
02538.jpg,train,"LAB relative redness (median_a=128, red=10.7%, concentration=100%)",10.73,128
02540.jpg,train,"LAB relative redness (median_a=128, red=9.3%, concentration=100%)",9.33,128
02541.jpg,train,"LAB relative redness (median_a=129, red=7.3%, concentration=100%)",7.31,129
02542.jpg,test,"LAB relative redness (median_a=127, red=4.9%, concentration=100%)",4.88,127
02543.jpg,train,"LAB relative redness (median_a=125, red=12.0%, concentration=100%)",11.97,125
02544.jpg,train,"LAB relative redness (median_a=128, red=12.3%, concentration=100%)",12.29,128
02545.jpg,train,"LAB relative redness (median_a=127, red=7.0%, concentration=100%)",7.03,127
02546.jpg,val,"LAB relative redness (median_a=128, red=34.7%, concentration=100%)",34.73,128
02548.jpg,test,"LAB relative redness (median_a=127, red=6.9%, concentration=100%)",6.87,127
02549.jpg,train,"LAB relative redness (median_a=129, red=10.8%, concentration=100%)",10.79,129
02550.jpg,train,"LAB relative redness (median_a=127, red=5.2%, concentration=100%)",5.20,127
02551.jpg,train,"LAB relative redness (median_a=127, red=7.0%, concentration=100%)",6.99,127
02552.jpg,train,"LAB relative redness (median_a=129, red=7.8%, concentration=100%)",7.75,129
02553.jpg,test,"LAB relative redness (median_a=127, red=3.7%, concentration=100%)",3.69,127
02554.jpg,train,"LAB relative redness (median_a=130, red=7.8%, concentration=100%)",7.78,130
02555.jpg,train,"LAB relative redness (median_a=129, red=6.8%, concentration=100%)",6.83,129
02557.jpg,train,"LAB relative redness (median_a=127, red=5.6%, concentration=100%)",5.56,127
02558.jpg,train,"LAB relative redness (median_a=126, red=5.8%, concentration=100%)",5.78,126
02559.jpg,train,"LAB relative redness (median_a=129, red=12.4%, concentration=100%)",12.41,129
02560.jpg,train,"LAB relative redness (median_a=127, red=5.9%, concentration=100%)",5.94,127
02561.jpg,val,"LAB relative redness (median_a=127, red=10.0%, concentration=100%)",10.01,127
02562.jpg,train,"LAB relative redness (median_a=125, red=6.9%, concentration=100%)",6.91,125
02567.jpg,train,"LAB relative redness (median_a=128, red=8.1%, concentration=100%)",8.06,128
02572.jpg,train,"LAB relative redness (median_a=126, red=23.8%, concentration=100%)",23.84,126
02573.jpg,train,"LAB relative redness (median_a=127, red=6.0%, concentration=100%)",6.00,127
02574.jpg,train,"LAB relative redness (median_a=127, red=5.8%, concentration=100%)",5.75,127
02575.jpg,train,"LAB relative redness (median_a=129, red=8.2%, concentration=100%)",8.21,129
02577.jpg,train,"LAB relative redness (median_a=130, red=8.6%, concentration=100%)",8.64,130
02579.jpg,train,"LAB relative redness (median_a=124, red=6.1%, concentration=97%)",6.15,124
02580.jpg,train,"LAB relative redness (median_a=127, red=5.6%, concentration=100%)",5.63,127
02584.jpg,train,"LAB relative redness (median_a=126, red=5.0%, concentration=76%)",5.02,126
02585.jpg,train,"LAB relative redness (median_a=125, red=8.8%, concentration=100%)",8.79,125
02586.jpg,train,"LAB relative redness (median_a=129, red=13.0%, concentration=100%)",12.99,129
02587.jpg,val,"LAB relative redness (median_a=128, red=9.6%, concentration=100%)",9.60,128
02588.jpg,test,"LAB relative redness (median_a=127, red=3.5%, concentration=100%)",3.55,127
02589.jpg,train,"LAB relative redness (median_a=127, red=4.3%, concentration=100%)",4.33,127
02591.jpg,train,"LAB relative redness (median_a=125, red=4.2%, concentration=100%)",4.16,125
02592.jpg,train,"LAB relative redness (median_a=129, red=13.7%, concentration=100%)",13.68,129
02593.jpg,train,"LAB relative redness (median_a=127, red=4.8%, concentration=100%)",4.81,127
02595.jpg,train,"LAB relative redness (median_a=126, red=8.0%, concentration=100%)",7.99,126
02597.jpg,train,"LAB relative redness (median_a=129, red=12.2%, concentration=100%)",12.19,129
02598.jpg,train,"LAB relative redness (median_a=127, red=10.8%, concentration=100%)",10.75,127
02601.jpg,train,"LAB relative redness (median_a=128, red=7.1%, concentration=100%)",7.07,128
02602.jpg,train,"LAB relative redness (median_a=128, red=11.3%, concentration=98%)",11.35,128
02603.jpg,test,"LAB relative redness (median_a=129, red=15.4%, concentration=97%)",15.40,129
02606.jpg,train,"LAB relative redness (median_a=126, red=6.0%, concentration=100%)",5.97,126
02607.jpg,train,"LAB relative redness (median_a=129, red=5.5%, concentration=100%)",5.52,129
02612.jpg,train,"LAB relative redness (median_a=126, red=8.7%, concentration=100%)",8.73,126
02613.jpg,train,"LAB relative redness (median_a=129, red=13.7%, concentration=100%)",13.71,129
02614.jpg,train,"LAB relative redness (median_a=128, red=8.9%, concentration=100%)",8.86,128
02615.jpg,train,"LAB relative redness (median_a=128, red=8.5%, concentration=91%)",8.52,128
02617.jpg,train,"LAB relative redness (median_a=125, red=10.5%, concentration=92%)",10.47,125
02618.jpg,train,"LAB relative redness (median_a=127, red=4.0%, concentration=100%)",3.97,127
02619.jpg,train,"LAB relative redness (median_a=129, red=8.6%, concentration=100%)",8.57,129
02622.jpg,train,"LAB relative redness (median_a=126, red=10.4%, concentration=100%)",10.40,126
02626.jpg,train,"LAB relative redness (median_a=130, red=36.6%, concentration=100%)",36.61,130
02628.jpg,train,"LAB relative redness (median_a=128, red=14.5%, concentration=100%)",14.55,128
02630.jpg,train,"LAB relative redness (median_a=126, red=5.2%, concentration=100%)",5.15,126
02631.jpg,test,"LAB relative redness (median_a=128, red=6.0%, concentration=100%)",5.95,128
02632.jpg,train,"LAB relative redness (median_a=128, red=11.5%, concentration=100%)",11.49,128
02633.jpg,train,"LAB relative redness (median_a=129, red=9.3%, concentration=95%)",9.26,129
02634.jpg,train,"LAB relative redness (median_a=129, red=36.5%, concentration=100%)",36.53,129
02636.jpg,train,"LAB relative redness (median_a=128, red=0.8%, concentration=100%)",0.75,128
02637.jpg,train,"LAB relative redness (median_a=127, red=8.1%, concentration=100%)",8.08,127
02638.jpg,train,"LAB relative redness (median_a=126, red=10.5%, concentration=100%)",10.54,126
02639.jpg,test,"LAB relative redness (median_a=126, red=7.5%, concentration=100%)",7.51,126
02643.jpg,test,"LAB relative redness (median_a=129, red=10.6%, concentration=100%)",10.65,129
02644.jpg,train,"LAB relative redness (median_a=128, red=9.1%, concentration=100%)",9.06,128
02646.jpg,train,"LAB relative redness (median_a=128, red=36.0%, concentration=100%)",35.99,128
02647.jpg,train,"LAB relative redness (median_a=127, red=6.7%, concentration=100%)",6.73,127
02648.jpg,train,"LAB relative redness (median_a=124, red=5.7%, concentration=100%)",5.68,124
02651.jpg,train,"LAB relative redness (median_a=127, red=6.8%, concentration=100%)",6.80,127
02652.jpg,train,"LAB relative redness (median_a=127, red=11.9%, concentration=100%)",11.92,127
02653.jpg,train,"LAB relative redness (median_a=129, red=12.8%, concentration=100%)",12.76,129
02654.jpg,train,"LAB relative redness (median_a=127, red=6.5%, concentration=100%)",6.51,127
02655.jpg,test,"LAB relative redness (median_a=125, red=7.6%, concentration=100%)",7.62,125
02658.jpg,train,"LAB relative redness (median_a=128, red=10.3%, concentration=100%)",10.25,128
02660.jpg,train,"LAB relative redness (median_a=128, red=9.8%, concentration=100%)",9.82,128
02661.jpg,train,"LAB relative redness (median_a=126, red=8.3%, concentration=100%)",8.31,126
02662.jpg,train,"LAB relative redness (median_a=125, red=8.6%, concentration=100%)",8.64,125
02668.jpg,train,"LAB relative redness (median_a=127, red=13.5%, concentration=100%)",13.49,127
02669.jpg,test,"LAB relative redness (median_a=128, red=11.1%, concentration=96%)",11.10,128
02670.jpg,train,"LAB relative redness (median_a=130, red=8.5%, concentration=100%)",8.47,130
02671.jpg,val,"LAB relative redness (median_a=125, red=7.9%, concentration=100%)",7.93,125
02673.jpg,train,"LAB relative redness (median_a=128, red=6.1%, concentration=100%)",6.09,128
02676.jpg,train,"LAB relative redness (median_a=128, red=11.0%, concentration=100%)",11.01,128
02680.jpg,train,"LAB relative redness (median_a=128, red=7.1%, concentration=100%)",7.15,128
02683.jpg,train,"LAB relative redness (median_a=129, red=9.4%, concentration=100%)",9.37,129
02690.jpg,test,"LAB relative redness (median_a=129, red=8.7%, concentration=100%)",8.70,129
02691.jpg,train,"LAB relative redness (median_a=129, red=7.5%, concentration=100%)",7.50,129
02694.jpg,test,"LAB relative redness (median_a=128, red=7.7%, concentration=100%)",7.70,128
02697.jpg,val,"LAB relative redness (median_a=127, red=8.3%, concentration=100%)",8.33,127
02700.jpg,train,"LAB relative redness (median_a=127, red=9.3%, concentration=100%)",9.35,127
02702.jpg,train,"LAB relative redness (median_a=127, red=7.8%, concentration=100%)",7.82,127
02707.jpg,train,"LAB relative redness (median_a=129, red=10.2%, concentration=100%)",10.20,129
02708.jpg,train,"LAB relative redness (median_a=128, red=9.6%, concentration=100%)",9.60,128
02709.jpg,train,"LAB relative redness (median_a=126, red=6.0%, concentration=100%)",5.95,126
02710.jpg,train,"LAB relative redness (median_a=129, red=30.3%, concentration=100%)",30.27,129
02711.jpg,train,"LAB relative redness (median_a=128, red=5.1%, concentration=100%)",5.14,128
02713.jpg,train,"LAB relative redness (median_a=129, red=33.7%, concentration=100%)",33.69,129
02718.jpg,train,"LAB relative redness (median_a=127, red=4.8%, concentration=100%)",4.84,127
02720.jpg,train,"LAB relative redness (median_a=128, red=5.3%, concentration=100%)",5.30,128
02721.jpg,train,"LAB relative redness (median_a=129, red=8.0%, concentration=100%)",8.04,129
02725.jpg,train,"LAB relative redness (median_a=127, red=4.8%, concentration=100%)",4.83,127
02727.jpg,train,"LAB relative redness (median_a=126, red=9.9%, concentration=100%)",9.92,126
02729.jpg,train,"LAB relative redness (median_a=126, red=3.6%, concentration=100%)",3.60,126
02732.jpg,val,"LAB relative redness (median_a=125, red=6.5%, concentration=100%)",6.52,125
02733.jpg,test,"LAB relative redness (median_a=129, red=4.9%, concentration=100%)",4.95,129
02734.jpg,train,"LAB relative redness (median_a=127, red=6.8%, concentration=100%)",6.82,127
02735.jpg,train,"LAB relative redness (median_a=130, red=12.5%, concentration=90%)",12.49,130
02738.jpg,train,"LAB relative redness (median_a=129, red=8.6%, concentration=100%)",8.60,129
02745.jpg,train,"LAB relative redness (median_a=129, red=18.5%, concentration=100%)",18.53,129
02747.jpg,train,"LAB relative redness (median_a=128, red=11.7%, concentration=100%)",11.73,128
02752.jpg,test,"LAB relative redness (median_a=130, red=10.6%, concentration=100%)",10.57,130
02753.jpg,train,"LAB relative redness (median_a=128, red=7.3%, concentration=100%)",7.30,128
02754.jpg,train,"LAB relative redness (median_a=128, red=11.6%, concentration=99%)",11.61,128
02759.jpg,train,"LAB relative redness (median_a=128, red=7.0%, concentration=100%)",7.01,128
02765.jpg,train,"LAB relative redness (median_a=129, red=7.9%, concentration=99%)",7.87,129
02767.jpg,train,"LAB relative redness (median_a=127, red=8.1%, concentration=100%)",8.14,127
02770.jpg,test,"LAB relative redness (median_a=131, red=6.4%, concentration=100%)",6.41,131
02775.jpg,train,"LAB relative redness (median_a=128, red=9.4%, concentration=100%)",9.42,128
02780.jpg,train,"LAB relative redness (median_a=128, red=35.4%, concentration=100%)",35.38,128
02781.jpg,train,"LAB relative redness (median_a=129, red=36.1%, concentration=100%)",36.11,129
02783.jpg,train,"LAB relative redness (median_a=127, red=7.4%, concentration=100%)",7.37,127
02784.jpg,test,"LAB relative redness (median_a=126, red=10.7%, concentration=100%)",10.69,126
02785.jpg,train,"LAB relative redness (median_a=127, red=4.7%, concentration=100%)",4.67,127
02789.jpg,train,"LAB relative redness (median_a=127, red=8.4%, concentration=100%)",8.42,127
02790.jpg,train,"LAB relative redness (median_a=126, red=6.7%, concentration=100%)",6.72,126
02792.jpg,train,"LAB relative redness (median_a=126, red=7.7%, concentration=100%)",7.70,126
02793.jpg,train,"LAB relative redness (median_a=126, red=7.1%, concentration=100%)",7.12,126
02794.jpg,train,"LAB relative redness (median_a=127, red=9.0%, concentration=100%)",8.96,127
02795.jpg,train,"LAB relative redness (median_a=124, red=7.9%, concentration=100%)",7.90,124
02796.jpg,train,"LAB relative redness (median_a=129, red=12.7%, concentration=99%)",12.69,129
02799.jpg,test,"LAB relative redness (median_a=125, red=3.4%, concentration=100%)",3.37,125
02802.jpg,train,"LAB relative redness (median_a=126, red=6.5%, concentration=100%)",6.52,126
02805.jpg,train,"LAB relative redness (median_a=121, red=6.9%, concentration=100%)",6.94,121
02806.jpg,train,"LAB relative redness (median_a=128, red=5.2%, concentration=100%)",5.17,128
02807.jpg,val,"LAB relative redness (median_a=124, red=4.0%, concentration=100%)",4.00,124
02809.jpg,train,"LAB relative redness (median_a=127, red=8.3%, concentration=100%)",8.30,127
02810.jpg,val,"LAB relative redness (median_a=123, red=12.3%, concentration=100%)",12.34,123
02811.jpg,train,"LAB relative redness (median_a=133, red=7.6%, concentration=97%)",7.63,133
02812.jpg,train,"LAB relative redness (median_a=125, red=4.5%, concentration=100%)",4.49,125
02815.jpg,train,"LAB relative redness (median_a=127, red=6.5%, concentration=100%)",6.47,127
02817.jpg,train,"LAB relative redness (median_a=127, red=6.8%, concentration=100%)",6.79,127
02819.jpg,train,"LAB relative redness (median_a=129, red=9.1%, concentration=99%)",9.10,129
02820.jpg,train,"LAB relative redness (median_a=128, red=8.8%, concentration=91%)",8.84,128
02826.jpg,val,"LAB relative redness (median_a=127, red=9.9%, concentration=100%)",9.85,127
02830.jpg,train,"LAB relative redness (median_a=127, red=5.3%, concentration=100%)",5.28,127
02838.jpg,train,"LAB relative redness (median_a=128, red=8.9%, concentration=100%)",8.93,128
02839.jpg,train,"LAB relative redness (median_a=128, red=8.7%, concentration=100%)",8.74,128
02840.jpg,train,"LAB relative redness (median_a=125, red=6.5%, concentration=100%)",6.47,125
02842.jpg,train,"LAB relative redness (median_a=127, red=8.5%, concentration=100%)",8.52,127
02843.jpg,train,"LAB relative redness (median_a=124, red=12.4%, concentration=100%)",12.37,124
02844.jpg,train,"LAB relative redness (median_a=125, red=8.6%, concentration=100%)",8.64,125
02845.jpg,test,"LAB relative redness (median_a=127, red=9.2%, concentration=100%)",9.21,127
02847.jpg,train,"LAB relative redness (median_a=128, red=7.7%, concentration=100%)",7.73,128
02851.jpg,train,"LAB relative redness (median_a=128, red=10.6%, concentration=100%)",10.63,128
02853.jpg,train,"LAB relative redness (median_a=127, red=5.4%, concentration=100%)",5.35,127
02854.jpg,train,"LAB relative redness (median_a=129, red=8.3%, concentration=100%)",8.31,129
02856.jpg,train,"LAB relative redness (median_a=128, red=12.5%, concentration=98%)",12.52,128
02858.jpg,train,"LAB relative redness (median_a=128, red=13.5%, concentration=100%)",13.53,128
02859.jpg,test,"LAB relative redness (median_a=124, red=4.0%, concentration=98%)",4.01,124
02861.jpg,train,"LAB relative redness (median_a=127, red=7.2%, concentration=100%)",7.17,127
02864.jpg,train,"LAB relative redness (median_a=127, red=8.0%, concentration=100%)",7.98,127
02866.jpg,train,"LAB relative redness (median_a=124, red=7.1%, concentration=100%)",7.11,124
02867.jpg,train,"LAB relative redness (median_a=123, red=8.8%, concentration=100%)",8.79,123
02868.jpg,train,"LAB relative redness (median_a=126, red=12.6%, concentration=100%)",12.64,126
02869.jpg,test,"LAB relative redness (median_a=125, red=7.5%, concentration=100%)",7.50,125
02870.jpg,train,"LAB relative redness (median_a=129, red=8.2%, concentration=100%)",8.23,129
02872.jpg,val,"LAB relative redness (median_a=127, red=3.8%, concentration=100%)",3.83,127
02879.jpg,train,"LAB relative redness (median_a=127, red=7.8%, concentration=100%)",7.83,127
02883.jpg,train,"LAB relative redness (median_a=127, red=7.0%, concentration=98%)",6.96,127
02885.jpg,train,"LAB relative redness (median_a=128, red=5.5%, concentration=100%)",5.49,128
02890.jpg,train,"LAB relative redness (median_a=125, red=2.0%, concentration=100%)",2.02,125
02896.jpg,train,"LAB relative redness (median_a=124, red=7.6%, concentration=100%)",7.64,124
02900.jpg,train,"LAB relative redness (median_a=126, red=6.8%, concentration=100%)",6.81,126
02904.jpg,train,"LAB relative redness (median_a=131, red=10.2%, concentration=80%)",10.18,131
02906.jpg,train,"LAB relative redness (median_a=127, red=8.8%, concentration=98%)",8.82,127
02912.jpg,train,"LAB relative redness (median_a=127, red=8.2%, concentration=100%)",8.18,127
02914.jpg,train,"LAB relative redness (median_a=126, red=10.0%, concentration=99%)",10.04,126
02915.jpg,train,"LAB relative redness (median_a=130, red=7.8%, concentration=100%)",7.82,130
02924.jpg,test,"LAB relative redness (median_a=123, red=6.2%, concentration=100%)",6.18,123
02930.jpg,test,"LAB relative redness (median_a=127, red=9.3%, concentration=100%)",9.29,127
02933.jpg,train,"LAB relative redness (median_a=128, red=14.7%, concentration=100%)",14.66,128
02938.jpg,train,"LAB relative redness (median_a=126, red=8.0%, concentration=100%)",8.00,126
02954.jpg,train,"LAB relative redness (median_a=128, red=9.8%, concentration=100%)",9.79,128
02955.jpg,train,"LAB relative redness (median_a=126, red=3.8%, concentration=100%)",3.80,126
02957.jpg,train,"LAB relative redness (median_a=127, red=5.0%, concentration=100%)",4.95,127
02958.jpg,train,"LAB relative redness (median_a=126, red=6.1%, concentration=100%)",6.06,126
02960.jpg,val,"LAB relative redness (median_a=129, red=14.6%, concentration=94%)",14.61,129
02962.jpg,train,"LAB relative redness (median_a=127, red=7.1%, concentration=100%)",7.06,127
02964.jpg,train,"LAB relative redness (median_a=129, red=13.3%, concentration=100%)",13.33,129
02965.jpg,test,"LAB relative redness (median_a=130, red=12.4%, concentration=100%)",12.36,130
02966.jpg,train,"LAB relative redness (median_a=129, red=15.6%, concentration=100%)",15.62,129
02968.jpg,train,"LAB relative redness (median_a=125, red=10.3%, concentration=100%)",10.33,125
02970.jpg,train,"LAB relative redness (median_a=130, red=8.5%, concentration=99%)",8.46,130
02972.jpg,train,"LAB relative redness (median_a=129, red=6.8%, concentration=99%)",6.82,129
02986.jpg,train,"LAB relative redness (median_a=128, red=7.2%, concentration=100%)",7.23,128
02992.jpg,train,"LAB relative redness (median_a=128, red=4.8%, concentration=100%)",4.75,128
02995.jpg,train,"LAB relative redness (median_a=132, red=11.6%, concentration=99%)",11.57,132
02996.jpg,train,"LAB relative redness (median_a=124, red=7.9%, concentration=100%)",7.93,124
02998.jpg,train,"LAB relative redness (median_a=128, red=6.7%, concentration=100%)",6.70,128
03001.jpg,val,"LAB relative redness (median_a=129, red=8.8%, concentration=100%)",8.81,129
03002.jpg,train,"LAB relative redness (median_a=130, red=5.9%, concentration=100%)",5.88,130
03003.jpg,train,"LAB relative redness (median_a=130, red=10.7%, concentration=93%)",10.70,130
03005.jpg,train,"LAB relative redness (median_a=128, red=12.3%, concentration=92%)",12.30,128
03007.jpg,train,"LAB relative redness (median_a=128, red=9.6%, concentration=100%)",9.61,128
03008.jpg,test,"LAB relative redness (median_a=128, red=5.7%, concentration=100%)",5.71,128
03010.jpg,train,"LAB relative redness (median_a=129, red=12.2%, concentration=99%)",12.17,129
03011.jpg,test,"LAB relative redness (median_a=128, red=5.0%, concentration=100%)",5.05,128
03014.jpg,train,"LAB relative redness (median_a=130, red=8.8%, concentration=100%)",8.83,130
03015.jpg,train,"LAB relative redness (median_a=128, red=9.4%, concentration=100%)",9.39,128
03018.jpg,test,"LAB relative redness (median_a=128, red=8.6%, concentration=89%)",8.57,128
03020.jpg,train,"LAB relative redness (median_a=127, red=6.8%, concentration=100%)",6.84,127
03022.jpg,val,"LAB relative redness (median_a=127, red=3.8%, concentration=100%)",3.77,127
03025.jpg,train,"LAB relative redness (median_a=127, red=5.7%, concentration=100%)",5.74,127
03026.jpg,train,"LAB relative redness (median_a=128, red=5.2%, concentration=100%)",5.18,128
03027.jpg,train,"LAB relative redness (median_a=128, red=13.4%, concentration=100%)",13.37,128
03028.jpg,train,"LAB relative redness (median_a=130, red=8.3%, concentration=100%)",8.31,130
03029.jpg,train,"LAB relative redness (median_a=128, red=7.8%, concentration=100%)",7.78,128
03039.jpg,train,"LAB relative redness (median_a=125, red=6.8%, concentration=100%)",6.85,125
03041.jpg,train,"LAB relative redness (median_a=127, red=4.2%, concentration=100%)",4.23,127
03044.jpg,val,"LAB relative redness (median_a=130, red=10.7%, concentration=100%)",10.73,130
03049.jpg,train,"LAB relative redness (median_a=130, red=32.2%, concentration=100%)",32.19,130
03051.jpg,train,"LAB relative redness (median_a=129, red=6.3%, concentration=100%)",6.31,129
03055.jpg,test,"LAB relative redness (median_a=128, red=8.3%, concentration=100%)",8.26,128
03057.jpg,train,"LAB relative redness (median_a=127, red=5.4%, concentration=100%)",5.43,127
03061.jpg,test,"LAB relative redness (median_a=128, red=10.9%, concentration=98%)",10.87,128
03065.jpg,train,"LAB relative redness (median_a=128, red=9.4%, concentration=100%)",9.35,128
03068.jpg,train,"LAB relative redness (median_a=129, red=14.1%, concentration=94%)",14.14,129
03069.jpg,train,"LAB relative redness (median_a=129, red=8.8%, concentration=100%)",8.82,129
03070.jpg,val,"LAB relative redness (median_a=127, red=36.4%, concentration=100%)",36.42,127
03071.jpg,train,"LAB relative redness (median_a=128, red=9.0%, concentration=100%)",8.97,128
03075.jpg,train,"LAB relative redness (median_a=123, red=5.7%, concentration=100%)",5.66,123
03076.jpg,test,"LAB relative redness (median_a=130, red=2.9%, concentration=100%)",2.86,130
03078.jpg,train,"LAB relative redness (median_a=128, red=5.9%, concentration=100%)",5.85,128
03079.jpg,train,"LAB relative redness (median_a=128, red=6.5%, concentration=100%)",6.49,128
03081.jpg,val,"LAB relative redness (median_a=128, red=38.0%, concentration=100%)",37.97,128
03085.jpg,val,"LAB relative redness (median_a=126, red=3.5%, concentration=100%)",3.49,126
03086.jpg,train,"LAB relative redness (median_a=128, red=7.9%, concentration=100%)",7.90,128
03087.jpg,train,"LAB relative redness (median_a=128, red=10.1%, concentration=100%)",10.05,128
03091.jpg,train,"LAB relative redness (median_a=127, red=6.5%, concentration=100%)",6.46,127
03094.jpg,test,"LAB relative redness (median_a=129, red=8.7%, concentration=100%)",8.69,129
03101.jpg,train,"LAB relative redness (median_a=129, red=10.4%, concentration=100%)",10.43,129
03104.jpg,train,"LAB relative redness (median_a=127, red=8.1%, concentration=100%)",8.08,127
03108.jpg,train,"LAB relative redness (median_a=124, red=6.5%, concentration=100%)",6.52,124
03116.jpg,train,"LAB relative redness (median_a=125, red=3.8%, concentration=100%)",3.76,125
03117.jpg,train,"LAB relative redness (median_a=127, red=9.5%, concentration=100%)",9.53,127
03118.jpg,train,"LAB relative redness (median_a=124, red=3.7%, concentration=100%)",3.75,124
03121.jpg,train,"LAB relative redness (median_a=129, red=7.8%, concentration=100%)",7.81,129
03136.jpg,train,"LAB relative redness (median_a=129, red=10.9%, concentration=100%)",10.90,129
03144.jpg,train,"LAB relative redness (median_a=129, red=5.1%, concentration=100%)",5.12,129
03145.jpg,train,"LAB relative redness (median_a=131, red=6.4%, concentration=100%)",6.39,131
03156.jpg,train,"LAB relative redness (median_a=125, red=7.4%, concentration=100%)",7.44,125
03162.jpg,train,"LAB relative redness (median_a=125, red=5.7%, concentration=100%)",5.72,125
03172.jpg,train,"LAB relative redness (median_a=131, red=14.6%, concentration=87%)",14.64,131
03175.jpg,train,"LAB relative redness (median_a=126, red=9.2%, concentration=100%)",9.24,126
03176.jpg,test,"LAB relative redness (median_a=128, red=11.5%, concentration=100%)",11.53,128
03187.jpg,train,"LAB relative redness (median_a=128, red=9.8%, concentration=100%)",9.76,128
03198.jpg,val,"LAB relative redness (median_a=129, red=10.8%, concentration=100%)",10.81,129
