image,split,background,n_digits,has_decimal,group,expected_raw,expected_digits,expected_norm,expected_digit_len,image_path,image_found,reading,predicted_digits,predicted_norm,strict_match,business_match,status,outcome,global_confidence,detection_confidence,recognition_confidence,orientation_confidence,orientation_method,total_ms,detection_ms,preprocessing_ms,ocr_ms,warnings
00060.jpg,test,bgwhite,5,True,bgwhite_5d_dec,01224,01224,1224,4,data/obb/images/test/00060.jpg,True,01224,01224,1224,True,True,valid,match,0.8594,0.9375,0.9167,0.6905,red_position,890.4,342.9,386.1,152.9,
00076.jpg,test,bgwhite,5,True,bgwhite_5d_dec,00824,00824,824,3,data/obb/images/test/00076.jpg,True,00824,00824,824,True,True,valid,match,0.7822,0.9207,0.8496,0.6379,red_position,379.1,193.2,31.7,153.8,
00081.jpg,test,bgwhite,4,True,bgwhite_4d_dec,4538,4538,4538,4,data/obb/images/test/00081.jpg,True,4538,4538,4538,True,True,valid,match,0.7718,0.9301,0.8298,0.4156,red_position,335.0,139.3,35.5,159.9,
00105.jpg,test,bgwhite,4,True,bgwhite_4d_dec,5342,5342,5342,4,data/obb/images/test/00105.jpg,True,5342,5342,5342,True,True,valid,match,0.9039,0.9526,0.9488,0.6133,red_position,454.2,175.0,61.9,216.9,
00116.jpg,test,bgwhite,4,True,bgwhite_4d_dec,3438,3438,3438,4,data/obb/images/test/00116.jpg,True,3438,3438,3438,True,True,valid,match,0.7793,0.9349,0.8335,0.5743,red_position,348.4,146.5,43.9,157.7,
00125.jpg,test,bgwhite,4,True,bgwhite_4d_dec,4991,4991,4991,4,data/obb/images/test/00125.jpg,True,4991,4991,4991,True,True,valid,match,0.8454,0.9209,0.918,0.6349,red_position,398.7,156.4,60.7,177.7,
00138.jpg,test,bgwhite,4,False,bgwhite_4d_nodec,3321,3321,3321,4,data/obb/images/test/00138.jpg,True,332,332,332,False,False,needs_review,mismatch,0.691,0.9365,0.7379,1.0,dual_ocr,474.2,157.3,16.4,300.3,
00160.jpg,test,bgwhite,4,True,bgwhite_4d_dec,2297,2297,2297,4,data/obb/images/test/00160.jpg,True,2297,2297,2297,True,True,valid,match,0.8843,0.9371,0.9437,0.5596,red_position,328.6,152.2,25.9,150.3,
00201.jpg,test,bgwhite,4,True,bgwhite_4d_dec,4921,4921,4921,4,data/obb/images/test/00201.jpg,True,4921,4921,4921,True,True,valid,match,0.8745,0.9156,0.9552,0.6238,red_position,472.3,152.5,73.6,245.9,
00205.jpg,test,bgwhite,5,True,bgwhite_5d_dec,00337,00337,337,3,data/obb/images/test/00205.jpg,True,00337,00337,337,True,True,valid,match,0.8246,0.9411,0.8762,0.718,red_position,352.8,151.5,43.6,157.3,
00233.jpg,test,bgwhite,5,False,bgwhite_5d_nodec,01826,01826,1826,4,data/obb/images/test/00233.jpg,True,01826,01826,1826,True,True,valid,match,0.797,0.9303,0.8566,0.4837,dual_ocr,487.7,142.3,40.2,304.8,
00258.jpg,test,bgwhite,5,True,bgwhite_5d_dec,01412,01412,1412,4,data/obb/images/test/00258.jpg,True,01412,01412,1412,True,True,valid,match,0.912,0.9385,0.9718,0.6867,red_position,345.7,153.2,46.0,146.3,
00259.jpg,test,bgwhite,5,False,bgwhite_5d_nodec,12712,12712,12712,5,data/obb/images/test/00259.jpg,True,12712,12712,12712,True,True,valid,match,0.9048,0.9292,0.9737,1.0,dual_ocr,484.9,142.3,38.2,304.1,
00265.jpg,test,bgwhite,5,False,bgwhite_5d_nodec,09349,09349,9349,4,data/obb/images/test/00265.jpg,True,09349,09349,9349,True,True,valid,match,0.8684,0.9441,0.9198,1.0,dual_ocr,493.6,176.4,18.4,298.3,
00298.jpg,test,bgwhite,4,True,bgwhite_4d_dec,5040,5040,5040,4,data/obb/images/test/00298.jpg,True,5040,5040,5040,True,True,needs_review,match,0.6521,0.9343,0.698,0.6619,red_position,452.7,181.4,55.6,215.3,
00305.jpg,test,bgwhite,5,False,bgwhite_5d_nodec,04675,04675,4675,4,data/obb/images/test/00305.jpg,True,04675,04675,4675,True,True,needs_review,match,0.6899,0.9128,0.7558,0.5659,dual_ocr,600.1,230.5,44.6,324.6,
00326.jpg,test,bgwhite,5,False,bgwhite_5d_nodec,15925,15925,15925,5,data/obb/images/test/00326.jpg,True,15925,15925,15925,True,True,valid,match,0.7893,0.9312,0.8476,0.3342,dual_ocr,577.9,225.0,55.5,297.0,
00379.jpg,test,bgwhite,5,True,bgwhite_5d_dec,00555,00555,555,3,data/obb/images/test/00379.jpg,True,00555,00555,555,True,True,valid,match,0.8436,0.9331,0.904,0.719,red_position,418.8,199.2,57.0,162.2,
00380.jpg,test,bgwhite,5,True,bgwhite_5d_dec,00827,00827,827,3,data/obb/images/test/00380.jpg,True,000827,000827,827,False,True,valid,match,0.7045,0.9395,0.7499,0.6886,red_position,336.9,159.9,24.8,151.9,
00409.jpg,test,bgblack,5,True,bgblack_5d_dec,00589,00589,589,3,data/obb/images/test/00409.jpg,True,00589,00589,589,True,True,valid,match,0.8454,0.9284,0.9106,0.6305,red_position,353.5,144.8,51.9,156.4,
00425.jpg,test,bgwhite,4,True,bgwhite_4d_dec,4315,4315,4315,4,data/obb/images/test/00425.jpg,True,4315,4315,4315,True,True,valid,match,0.8627,0.9148,0.9431,0.5991,red_position,385.0,168.7,56.9,159.0,
00427.jpg,test,bgwhite,4,True,bgwhite_4d_dec,1224,1224,1224,4,data/obb/images/test/00427.jpg,True,1224,1224,1224,True,True,valid,match,0.8915,0.9409,0.9475,0.5939,red_position,339.3,161.6,22.6,154.7,
00437.jpg,test,bgwhite,4,True,bgwhite_4d_dec,0156,0156,156,3,data/obb/images/test/00437.jpg,True,0156,0156,156,True,True,valid,match,0.7314,0.9134,0.8008,0.5854,red_position,381.6,166.2,64.4,150.6,
00444.jpg,test,bgwhite,5,True,bgwhite_5d_dec,01368,01368,1368,4,data/obb/images/test/00444.jpg,True,01368,01368,1368,True,True,valid,match,0.8633,0.9393,0.9191,0.7066,red_position,319.4,148.3,22.1,148.7,
00500.jpg,test,bgwhite,4,True,bgwhite_4d_dec,4858,4858,4858,4,data/obb/images/test/00500.jpg,True,4858,4858,4858,True,True,valid,match,0.8321,0.9316,0.8931,0.5175,red_position,389.1,163.5,69.1,155.5,
00504.jpg,test,bgwhite,5,True,bgwhite_5d_dec,00071,00071,71,2,data/obb/images/test/00504.jpg,True,00071,00071,71,True,True,valid,match,0.7882,0.9063,0.8697,0.708,red_position,387.0,211.5,20.0,155.1,
00524.jpg,test,bgwhite,4,True,bgwhite_4d_dec,1697,1697,1697,4,data/obb/images/test/00524.jpg,True,1697,1697,1697,True,True,valid,match,0.8983,0.9366,0.9591,0.6165,red_position,359.8,182.5,23.1,153.8,
00525.jpg,test,bgblack,5,True,bgblack_5d_dec,00005,00005,5,1,data/obb/images/test/00525.jpg,True,00005,00005,5,True,True,valid,match,0.7392,0.9412,0.7854,0.6219,red_position,439.7,203.9,82.8,151.8,
00593.jpg,test,bgwhite,5,False,bgwhite_5d_nodec,01715,01715,1715,4,data/obb/images/test/00593.jpg,True,01715,01715,1715,True,True,valid,match,0.8561,0.9344,0.9162,1.0,dual_ocr,481.7,148.8,37.6,294.9,
00612.jpg,test,bgwhite,4,True,bgwhite_4d_dec,2216,2216,2216,4,data/obb/images/test/00612.jpg,True,2216,2216,2216,True,True,needs_review,match,0.6928,0.9309,0.7443,0.6479,red_position,559.1,363.0,43.6,151.7,
00617.jpg,test,bgwhite,4,True,bgwhite_4d_dec,3636,3636,3636,4,data/obb/images/test/00617.jpg,True,3636,3636,3636,True,True,valid,match,0.7923,0.9387,0.844,0.5894,red_position,329.8,136.1,44.8,148.5,
00625.jpg,test,bgwhite,4,True,bgwhite_4d_dec,6522,6522,6522,4,data/obb/images/test/00625.jpg,True,6522,6522,6522,True,True,valid,match,0.8978,0.954,0.9411,0.6175,red_position,472.0,165.5,57.4,248.3,
00684.jpg,test,bgwhite,4,True,bgwhite_4d_dec,2790,2790,2790,4,data/obb/images/test/00684.jpg,True,2790,2790,2790,True,True,valid,match,0.7935,0.9321,0.8513,0.5359,red_position,343.6,143.5,31.2,168.5,
00686.jpg,test,bgwhite,5,False,bgwhite_5d_nodec,05201,05201,5201,4,data/obb/images/test/00686.jpg,True,05201,05201,5201,True,True,valid,match,0.8765,0.938,0.9344,1.0,dual_ocr,676.8,298.3,34.9,343.1,
00702.jpg,test,bgwhite,5,False,bgwhite_5d_nodec,03383,03383,3383,4,data/obb/images/test/00702.jpg,True,03383,03383,3383,True,True,valid,match,0.7864,0.9475,0.83,1.0,dual_ocr,596.0,237.7,41.6,316.4,
00721.jpg,test,bgblack,5,True,bgblack_5d_dec,01024,01024,1024,4,data/obb/images/test/00721.jpg,True,01024,01024,1024,True,True,valid,match,0.7082,0.9332,0.7589,0.6217,red_position,423.2,236.1,33.2,153.6,
00722.jpg,test,bgwhite,4,True,bgwhite_4d_dec,4103,4103,4103,4,data/obb/images/test/00722.jpg,True,4103,4103,4103,True,True,valid,match,0.815,0.9427,0.8646,0.6104,red_position,414.0,182.1,76.5,154.9,
00736.jpg,test,bgwhite,5,False,bgwhite_5d_nodec,12970,12970,12970,5,data/obb/images/test/00736.jpg,True,12970,12970,12970,True,True,valid,match,0.7533,0.9234,0.8158,0.4505,dual_ocr,668.9,263.8,44.8,360.0,
00737.jpg,test,bgwhite,4,True,bgwhite_4d_dec,1411,1411,1411,4,data/obb/images/test/00737.jpg,True,1411,1411,1411,True,True,valid,match,0.9175,0.9305,0.9861,0.5958,red_position,405.9,210.1,37.3,158.1,
00741.jpg,test,bgwhite,4,True,bgwhite_4d_dec,3308,3308,3308,4,data/obb/images/test/00741.jpg,True,3308,3308,3308,True,True,valid,match,0.8366,0.934,0.8957,0.5915,red_position,365.5,153.4,59.5,152.1,
00764.jpg,test,bgblack,5,True,bgblack_5d_dec,01902,01902,1902,4,data/obb/images/test/00764.jpg,True,01902,01902,1902,True,True,valid,match,0.7839,0.936,0.8375,0.6297,red_position,345.0,141.9,38.2,164.5,
00799.jpg,test,bgwhite,5,False,bgwhite_5d_nodec,40110,40110,40110,5,data/obb/images/test/00799.jpg,True,40110,40110,40110,True,True,valid,match,0.8799,0.9476,0.9286,0.6129,dual_ocr,528.7,163.5,17.2,347.7,
00813.jpg,test,bgwhite,4,True,bgwhite_4d_dec,0028,0028,28,2,data/obb/images/test/00813.jpg,True,0028,0028,28,True,True,needs_review,match,0.6762,0.8535,0.7923,0.537,red_position,359.4,161.0,23.7,172.4,
00831.jpg,test,bgwhite,5,True,bgwhite_5d_dec,02798,02798,2798,4,data/obb/images/test/00831.jpg,True,02798,02798,2798,True,True,valid,match,0.7833,0.8906,0.8796,0.6771,red_position,454.1,155.2,49.9,248.6,
00893.jpg,test,bgwhite,4,True,bgwhite_4d_dec,2385,2385,2385,4,data/obb/images/test/00893.jpg,True,2385,2385,2385,True,True,valid,match,0.8438,0.9243,0.9129,0.592,red_position,362.7,162.3,47.4,152.7,
00942.jpg,test,bgwhite,4,True,bgwhite_4d_dec,8223,8223,8223,4,data/obb/images/test/00942.jpg,True,8223,8223,8223,True,True,valid,match,0.8403,0.9447,0.8894,0.5875,red_position,320.9,142.4,25.4,152.8,
00949.jpg,test,bgwhite,5,False,bgwhite_5d_nodec,13498,13498,13498,5,data/obb/images/test/00949.jpg,True,13498,13498,13498,True,True,valid,match,0.881,0.9142,0.9637,1.0,dual_ocr,516.5,162.2,57.1,296.5,
01106.jpg,test,bgwhite,4,False,bgwhite_4d_nodec,6870,6870,6870,4,data/obb/images/test/01106.jpg,True,89,89,89,False,False,valid,mismatch,0.7862,0.9443,0.8325,0.0671,dual_ocr,546.3,192.6,21.3,332.1,"Orientation ambiguous (method=dual_ocr, delta=0.0671)"
01142.jpg,test,bgwhite,5,False,bgwhite_5d_nodec,11252,11252,11252,5,data/obb/images/test/01142.jpg,True,11252,11252,11252,True,True,valid,match,0.7525,0.9088,0.828,1.0,dual_ocr,539.3,190.3,45.1,303.5,
01157.jpg,test,bgwhite,5,False,bgwhite_5d_nodec,03834,03834,3834,4,data/obb/images/test/01157.jpg,True,03834,03834,3834,True,True,valid,match,0.8719,0.911,0.9571,1.0,dual_ocr,573.9,206.8,52.5,314.3,
01163.jpg,test,bgwhite,5,False,bgwhite_5d_nodec,07281,07281,7281,4,data/obb/images/test/01163.jpg,True,07281,07281,7281,True,True,valid,match,0.87,0.9345,0.931,1.0,dual_ocr,497.7,163.4,18.1,315.8,
01193.jpg,test,bgwhite,5,False,bgwhite_5d_nodec,05506,05506,5506,4,data/obb/images/test/01193.jpg,True,05506,05506,5506,True,True,valid,match,0.8169,0.9305,0.8779,1.0,dual_ocr,495.8,156.3,27.3,311.8,
01224.jpg,test,bgwhite,5,True,bgwhite_5d_dec,00354,00354,354,3,data/obb/images/test/01224.jpg,True,00354,00354,354,True,True,valid,match,0.8407,0.9351,0.899,0.6543,red_position,450.7,191.4,57.5,201.1,
01229.jpg,test,bgwhite,4,True,bgwhite_4d_dec,2565,2565,2565,4,data/obb/images/test/01229.jpg,True,2565,2565,2565,True,True,valid,match,0.8187,0.9545,0.8577,0.6415,red_position,311.7,137.8,27.0,146.6,
01231.jpg,test,bgwhite,5,True,bgwhite_5d_dec,01724,01724,1724,4,data/obb/images/test/01231.jpg,True,01724,01724,1724,True,True,valid,match,0.8103,0.904,0.8964,0.726,red_position,355.5,144.9,49.6,160.6,
01241.jpg,test,bgwhite,5,False,bgwhite_5d_nodec,02752,02752,2752,4,data/obb/images/test/01241.jpg,True,02752,02752,2752,True,True,valid,match,0.8052,0.9254,0.8701,1.0,dual_ocr,631.6,252.0,42.4,336.8,
01244.jpg,test,bgwhite,4,True,bgwhite_4d_dec,3718,3718,3718,4,data/obb/images/test/01244.jpg,True,3718,3718,3718,True,True,valid,match,0.8979,0.947,0.9482,0.666,red_position,437.8,255.0,31.0,151.4,
01289.jpg,test,bgwhite,5,False,bgwhite_5d_nodec,12088,12088,12088,5,data/obb/images/test/01289.jpg,True,12088,12088,12088,True,True,needs_review,match,0.6977,0.8505,0.8204,0.0449,dual_ocr,578.0,208.0,69.3,296.8,"Multiple detections (3), using highest confidence | Orientation ambiguous (method=dual_ocr, delta=0.0449)"
01435.jpg,test,bgwhite,5,True,bgwhite_5d_dec,00173,00173,173,3,data/obb/images/test/01435.jpg,True,00173,00173,173,True,True,valid,match,0.8425,0.919,0.9167,0.6698,red_position,336.8,156.8,31.8,147.8,
01778.jpg,test,bgwhite,5,True,bgwhite_5d_dec,00713,00713,713,3,data/obb/images/test/01778.jpg,True,007132,007132,7132,False,False,valid,mismatch,0.7402,0.8799,0.8412,0.8978,dual_ocr,571.2,170.8,25.7,374.3,
01918.jpg,test,bgwhite,4,True,bgwhite_4d_dec,2999,2999,2999,4,data/obb/images/test/01918.jpg,True,2999,2999,2999,True,True,needs_review,match,0.6678,0.9014,0.7408,0.5494,red_position,438.4,214.9,42.9,180.1,
01925.jpg,test,bgwhite,4,True,bgwhite_4d_dec,0179,0179,179,3,data/obb/images/test/01925.jpg,True,0179,0179,179,True,True,valid,match,0.8922,0.9076,0.983,0.6205,red_position,336.9,164.2,16.8,155.5,
02011.jpg,test,bgwhite,4,True,bgwhite_4d_dec,6077,6077,6077,4,data/obb/images/test/02011.jpg,True,6077,6077,6077,True,True,valid,match,0.7845,0.8911,0.8804,0.6342,red_position,388.6,156.4,37.0,191.6,
02128.jpg,test,bgwhite,4,True,bgwhite_4d_dec,2643,2643,2643,4,data/obb/images/test/02128.jpg,True,2643,2643,2643,True,True,valid,match,0.8495,0.9417,0.9021,0.6244,red_position,436.0,194.4,78.5,162.1,"Multiple detections (2), using highest confidence"
02291.jpg,test,bgwhite,4,True,bgwhite_4d_dec,3482,3482,3482,4,data/obb/images/test/02291.jpg,True,3482,3482,3482,True,True,valid,match,0.8479,0.9307,0.9111,0.4126,red_position,459.7,259.9,41.9,157.5,
02302.jpg,test,bgwhite,5,True,bgwhite_5d_dec,00349,00349,349,3,data/obb/images/test/02302.jpg,True,00349,00349,349,True,True,valid,match,0.7454,0.8782,0.8487,0.738,red_position,425.1,244.2,22.8,157.7,
02311.jpg,test,bgwhite,4,True,bgwhite_4d_dec,1595,1595,1595,4,data/obb/images/test/02311.jpg,True,1595,1595,1595,True,True,valid,match,0.7852,0.8695,0.903,0.6609,red_position,336.1,152.1,34.0,149.5,
02316.jpg,test,bgwhite,4,True,bgwhite_4d_dec,1420,1420,1420,4,data/obb/images/test/02316.jpg,True,1420,1420,1420,True,True,valid,match,0.8479,0.8941,0.9483,0.5899,red_position,354.5,152.4,42.2,159.6,
02323.jpg,test,bgblack,5,True,bgblack_5d_dec,01352,01352,1352,4,data/obb/images/test/02323.jpg,True,01352,01352,1352,True,True,valid,match,0.8396,0.9047,0.9281,0.6227,red_position,416.2,181.4,25.6,208.9,
02387.jpg,test,bgwhite,4,True,bgwhite_4d_dec,4983,4983,4983,4,data/obb/images/test/02387.jpg,True,4983,4983,4983,True,True,needs_review,match,0.6924,0.9559,0.7243,0.6957,red_position,357.3,158.6,36.2,162.2,
02421.jpg,test,bgwhite,4,True,bgwhite_4d_dec,0284,0284,284,3,data/obb/images/test/02421.jpg,True,0284,0284,284,True,True,valid,match,0.8762,0.91,0.9628,0.6399,red_position,346.9,160.9,29.3,156.4,
02526.jpg,test,bgwhite,4,True,bgwhite_4d_dec,4651,4651,4651,4,data/obb/images/test/02526.jpg,True,4651,4651,4651,True,True,valid,match,0.7952,0.9361,0.8496,0.6222,red_position,336.0,152.9,30.1,152.6,
02542.jpg,test,bgwhite,4,True,bgwhite_4d_dec,1747,1747,1747,4,data/obb/images/test/02542.jpg,True,1747,1747,1747,True,True,valid,match,0.9,0.9295,0.9683,0.6047,red_position,371.2,148.4,41.1,181.4,
02548.jpg,test,bgwhite,4,True,bgwhite_4d_dec,5236,5236,5236,4,data/obb/images/test/02548.jpg,True,5236,5236,5236,True,True,valid,match,0.8424,0.9287,0.907,0.6087,red_position,364.8,157.8,58.8,147.9,
02553.jpg,test,bgwhite,4,True,bgwhite_4d_dec,7886,7886,7886,4,data/obb/images/test/02553.jpg,True,7886,7886,7886,True,True,valid,match,0.7512,0.9319,0.8061,0.5651,red_position,340.6,145.0,33.1,162.1,
02578.jpg,test,bgwhite,5,False,bgwhite_5d_nodec,04116,04116,4116,4,data/obb/images/test/02578.jpg,True,04116,04116,4116,True,True,valid,match,0.9084,0.9489,0.9574,0.6496,dual_ocr,649.8,320.0,34.4,295.0,
02588.jpg,test,bgwhite,4,True,bgwhite_4d_dec,6719,6719,6719,4,data/obb/images/test/02588.jpg,True,6719,6719,6719,True,True,valid,match,0.8503,0.9544,0.891,0.5855,red_position,326.3,147.9,23.2,154.9,
02603.jpg,test,bgwhite,4,True,bgwhite_4d_dec,1193,1193,1193,4,data/obb/images/test/02603.jpg,True,1193,1193,1193,True,True,valid,match,0.8619,0.9302,0.9266,0.6027,red_position,480.3,285.7,36.6,157.7,
02610.jpg,test,bgwhite,5,False,bgwhite_5d_nodec,07259,07259,7259,4,data/obb/images/test/02610.jpg,True,07259,07259,7259,True,True,valid,match,0.9069,0.936,0.9689,1.0,dual_ocr,490.8,162.2,39.3,289.0,
02631.jpg,test,bgwhite,4,True,bgwhite_4d_dec,1174,1174,1174,4,data/obb/images/test/02631.jpg,True,1748,1748,1748,False,False,valid,mismatch,0.7088,0.9526,0.744,0.5323,red_position,473.7,270.3,39.1,164.0,
02639.jpg,test,bgwhite,5,True,bgwhite_5d_dec,00700,00700,700,3,data/obb/images/test/02639.jpg,True,00700,00700,700,True,True,valid,match,0.8167,0.9381,0.8706,0.6865,red_position,338.8,149.3,35.0,154.1,
02643.jpg,test,bgwhite,4,True,bgwhite_4d_dec,3459,3459,3459,4,data/obb/images/test/02643.jpg,True,3459,3459,3459,True,True,valid,match,0.8853,0.9342,0.9477,0.56,red_position,361.2,157.0,35.5,168.3,
02655.jpg,test,bgwhite,5,True,bgwhite_5d_dec,00039,00039,39,2,data/obb/images/test/02655.jpg,True,00039,00039,39,True,True,valid,match,0.7632,0.9094,0.8392,0.6655,red_position,426.7,209.7,51.8,164.8,
02669.jpg,test,bgwhite,4,True,bgwhite_4d_dec,0066,0066,66,2,data/obb/images/test/02669.jpg,True,0066,0066,66,True,True,valid,match,0.7857,0.9373,0.8383,0.613,red_position,343.3,158.4,29.1,155.3,
02672.jpg,test,bgwhite,4,False,bgwhite_4d_nodec,6821,6821,6821,4,data/obb/images/test/02672.jpg,True,6821,6821,6821,True,True,valid,match,0.8658,0.9474,0.9138,1.0,dual_ocr,577.5,216.1,33.1,328.0,
02686.jpg,test,bgwhite,5,False,bgwhite_5d_nodec,17032,17032,17032,5,data/obb/images/test/02686.jpg,True,17032,17032,17032,True,True,valid,match,0.8186,0.933,0.8774,0.3428,dual_ocr,497.5,161.1,31.5,304.5,
02690.jpg,test,bgwhite,5,True,bgwhite_5d_dec,00368,00368,368,3,data/obb/images/test/02690.jpg,True,00368,00368,368,True,True,valid,match,0.7503,0.927,0.8093,0.7,red_position,371.5,194.6,20.5,156.1,
02694.jpg,test,bgwhite,4,True,bgwhite_4d_dec,0030,0030,30,2,data/obb/images/test/02694.jpg,True,0030,0030,30,True,True,valid,match,0.7567,0.9394,0.8055,0.584,red_position,366.3,150.7,39.7,175.5,
02733.jpg,test,bgwhite,5,True,bgwhite_5d_dec,00678,00678,678,3,data/obb/images/test/02733.jpg,True,00678,00678,678,True,True,valid,match,0.7077,0.9402,0.7527,0.676,red_position,476.0,254.3,31.1,190.3,
02739.jpg,test,bgwhite,5,False,bgwhite_5d_nodec,03816,03816,3816,4,data/obb/images/test/02739.jpg,True,03816,03816,3816,True,True,valid,match,0.8464,0.9444,0.8962,0.1457,dual_ocr,506.5,158.1,19.7,328.3,"Orientation ambiguous (method=dual_ocr, delta=0.1457)"
02741.jpg,test,bgwhite,5,False,bgwhite_5d_nodec,10548,10548,10548,5,data/obb/images/test/02741.jpg,True,10548,10548,10548,True,True,valid,match,0.8099,0.943,0.8589,0.893,dual_ocr,529.2,169.9,36.8,321.3,
02742.jpg,test,bgwhite,5,False,bgwhite_5d_nodec,08159,08159,8159,4,data/obb/images/test/02742.jpg,True,08159,08159,8159,True,True,valid,match,0.904,0.9345,0.9673,0.8995,dual_ocr,562.2,212.7,38.1,311.0,
02752.jpg,test,bgwhite,4,True,bgwhite_4d_dec,1596,1596,1596,4,data/obb/images/test/02752.jpg,True,1596,1596,1596,True,True,valid,match,0.8586,0.9373,0.9161,0.5936,red_position,355.1,168.5,30.7,155.5,
02770.jpg,test,bgwhite,4,True,bgwhite_4d_dec,0135,0135,135,3,data/obb/images/test/02770.jpg,True,0135,0135,135,True,True,valid,match,0.9047,0.9301,0.9728,0.5406,red_position,338.9,152.6,25.7,160.2,
02784.jpg,test,bgwhite,4,True,bgwhite_4d_dec,5572,5572,5572,4,data/obb/images/test/02784.jpg,True,5572,5572,5572,True,True,valid,match,0.853,0.9291,0.918,0.6092,red_position,370.6,185.0,29.4,155.9,
02799.jpg,test,bgwhite,4,True,bgwhite_4d_dec,4203,4203,4203,4,data/obb/images/test/02799.jpg,True,4203,4203,4203,True,True,valid,match,0.7807,0.9358,0.8342,0.5307,red_position,360.6,154.0,53.9,152.4,
02801.jpg,test,bgwhite,5,False,bgwhite_5d_nodec,07301,07301,7301,4,data/obb/images/test/02801.jpg,True,07301,07301,7301,True,True,valid,match,0.7687,0.9401,0.8177,0.7731,dual_ocr,472.6,149.5,29.0,293.8,
02818.jpg,test,bgwhite,4,False,bgwhite_4d_nodec,9486,9486,9486,4,data/obb/images/test/02818.jpg,True,986,986,986,False,False,valid,mismatch,0.7896,0.9337,0.8456,0.0287,dual_ocr,524.7,181.8,29.4,313.0,"Orientation ambiguous (method=dual_ocr, delta=0.0287)"
02845.jpg,test,bgwhite,4,True,bgwhite_4d_dec,0000,0000,0,1,data/obb/images/test/02845.jpg,True,0000,0000,0,True,True,valid,match,0.7345,0.9331,0.7872,0.599,red_position,341.7,145.9,29.8,165.7,
02846.jpg,test,bgwhite,5,False,bgwhite_5d_nodec,07125,07125,7125,4,data/obb/images/test/02846.jpg,True,07125,07125,7125,True,True,valid,match,0.9192,0.9324,0.9858,1.0,dual_ocr,507.2,140.8,43.4,322.7,
02859.jpg,test,bgwhite,4,True,bgwhite_4d_dec,4356,4356,4356,4,data/obb/images/test/02859.jpg,True,4356,4356,4356,True,True,valid,match,0.7857,0.9313,0.8437,0.6313,red_position,348.3,148.7,49.9,149.4,
02869.jpg,test,bgwhite,5,True,bgwhite_5d_dec,00433,00433,433,3,data/obb/images/test/02869.jpg,True,00433,00433,433,True,True,valid,match,0.8195,0.9358,0.8757,0.6894,red_position,366.5,162.8,43.3,159.9,
02924.jpg,test,bgwhite,4,True,bgwhite_4d_dec,1661,1661,1661,4,data/obb/images/test/02924.jpg,True,1661,1661,1661,True,True,valid,match,0.7617,0.9223,0.8259,0.8134,red_position,358.9,158.2,49.0,151.3,
02930.jpg,test,bgwhite,4,True,bgwhite_4d_dec,6469,6469,6469,4,data/obb/images/test/02930.jpg,True,6469,6469,6469,True,True,valid,match,0.845,0.9312,0.9074,0.5617,red_position,358.1,151.8,47.4,158.5,
02965.jpg,test,bgwhite,4,True,bgwhite_4d_dec,0076,0076,76,2,data/obb/images/test/02965.jpg,True,0076,0076,76,True,True,valid,match,0.7174,0.9335,0.7685,0.6416,red_position,396.6,191.1,47.4,157.7,
02967.jpg,test,bgwhite,4,False,bgwhite_4d_nodec,6467,6467,6467,4,data/obb/images/test/02967.jpg,True,6467,6467,6467,True,True,valid,match,0.8484,0.9374,0.905,0.947,dual_ocr,500.3,167.2,34.6,297.8,
02973.jpg,test,bgwhite,5,False,bgwhite_5d_nodec,06251,06251,6251,4,data/obb/images/test/02973.jpg,True,06251,06251,6251,True,True,valid,match,0.9119,0.9479,0.962,1.0,dual_ocr,558.7,200.9,26.1,330.7,
03008.jpg,test,bgwhite,4,True,bgwhite_4d_dec,3046,3046,3046,4,data/obb/images/test/03008.jpg,True,3046,3046,3046,True,True,valid,match,0.8759,0.9408,0.931,0.6465,red_position,374.7,169.0,48.3,156.8,
03011.jpg,test,bgwhite,4,True,bgwhite_4d_dec,3370,3370,3370,4,data/obb/images/test/03011.jpg,True,3370,3370,3370,True,True,valid,match,0.9019,0.9456,0.9537,0.5787,red_position,366.1,160.7,39.7,165.4,
03018.jpg,test,bgwhite,4,True,bgwhite_4d_dec,2460,2460,2460,4,data/obb/images/test/03018.jpg,True,2460,2460,2460,True,True,valid,match,0.7845,0.9369,0.8373,0.5631,red_position,357.6,168.0,25.8,163.5,
03031.jpg,test,bgwhite,5,False,bgwhite_5d_nodec,13969,13969,13969,5,data/obb/images/test/03031.jpg,True,13969,13969,13969,True,True,valid,match,0.7753,0.9453,0.8201,0.0416,dual_ocr,483.0,158.3,17.7,306.5,"Orientation ambiguous (method=dual_ocr, delta=0.0416)"
03055.jpg,test,bgwhite,5,True,bgwhite_5d_dec,00033,00033,33,2,data/obb/images/test/03055.jpg,True,0033,0033,33,False,True,valid,match,0.8204,0.9304,0.8818,0.6883,red_position,459.7,257.5,37.8,164.0,
03061.jpg,test,bgwhite,4,True,bgwhite_4d_dec,0381,0381,381,3,data/obb/images/test/03061.jpg,True,0381,0381,381,True,True,valid,match,0.8609,0.9395,0.9164,0.6187,red_position,378.4,182.7,41.2,154.1,
03063.jpg,test,bgwhite,5,False,bgwhite_5d_nodec,05062,05062,5062,4,data/obb/images/test/03063.jpg,True,05062,05062,5062,True,True,valid,match,0.8491,0.9438,0.8997,1.0,dual_ocr,496.7,165.4,26.1,304.9,
03076.jpg,test,bgwhite,5,True,bgwhite_5d_dec,00534,00534,534,3,data/obb/images/test/03076.jpg,True,00534,00534,534,True,True,valid,match,0.8472,0.94,0.9013,0.6563,red_position,392.3,204.8,26.6,160.5,
03094.jpg,test,bgwhite,4,True,bgwhite_4d_dec,3197,3197,3197,4,data/obb/images/test/03094.jpg,True,3197,3197,3197,True,True,valid,match,0.8538,0.924,0.924,0.5484,red_position,372.8,153.7,64.8,153.8,
03103.jpg,test,bgwhite,5,False,bgwhite_5d_nodec,09547,09547,9547,4,data/obb/images/test/03103.jpg,True,09547,09547,9547,True,True,valid,match,0.8726,0.9362,0.9321,1.0,dual_ocr,483.7,151.1,23.8,308.5,
03137.jpg,test,bgwhite,5,False,bgwhite_5d_nodec,05037,05037,5037,4,data/obb/images/test/03137.jpg,True,05037,05037,5037,True,True,valid,match,0.7982,0.9329,0.8556,1.0,dual_ocr,546.1,216.2,27.5,302.1,
03161.jpg,test,bgwhite,5,False,bgwhite_5d_nodec,08598,08598,8598,4,data/obb/images/test/03161.jpg,True,08598,08598,8598,True,True,valid,match,0.8986,0.9433,0.9526,0.5385,dual_ocr,553.7,213.3,27.0,313.0,
03176.jpg,test,bgwhite,4,True,bgwhite_4d_dec,2626,2626,2626,4,data/obb/images/test/03176.jpg,True,2626,2626,2626,True,True,valid,match,0.8782,0.9344,0.9399,0.6015,red_position,338.5,168.0,23.0,147.1,
